tkd_trans,tkd_promptdata1,tkd_promptdata2,tkd_promptdata3,tkd_promptdata4,tkd_promptdata5,tkd_promptdata6,tkd_promptdata7,tkd_promptdata8
LDOC,33377,PART,PART,*,*,10275#BCRTC,+,+
LDOC,33378,PART,PART,*,*,10276#BCRTC,+,+
LDOC,33379,PART,PART,*,*,10277#BCRTC,+,+
LDOC,33380,PART,PART,*,*,10278#BCRTC,+,+
LDOC,33381,PART,PART,*,*,10279#BCRTC,+,+
LDOC,33382,PART,PART,*,*,10298#BCRTC,+,+
LDOC,33383,PART,PART,*,*,10290#BCRTC,+,+
LDOC,33384,PART,PART,*,*,10289#BCRTC,+,+
LDOC,33385,PART,PART,*,*,10297#BCRTC,+,+
LDOC,33386,PART,PART,*,*,10296#BCRTC,+,+
LDOC,33387,PART,PART,*,*,10295#BCRTC,+,+
LDOC,33388,PART,PART,*,*,10294#BCRTC,+,+
LDOC,33389,PART,PART,*,*,10304#BCRTC,+,+
LDOC,33390,PART,PART,*,*,10303#BCRTC,+,+
LDOC,33391,PART,PART,*,*,10301#BCRTC,+,+
LDOC,33392,PART,PART,*,*,10300#BCRTC,+,+
LDOC,33393,PART,PART,*,*,10302#BCRTC,+,+
LDOC,33394,PART,PART,*,*,10305#BCRTC,+,+
LDOC,33395,PART,PART,*,*,10293#BCRTC,+,+
LDOC,33396,PART,PART,*,*,10306#BCRTC,+,+
LDOC,33397,PART,PART,*,*,10308#BCRTC,+,+
LDOC,33398,PART,PART,*,*,10309#BCRTC,+,+
LDOC,33399,PART,PART,*,*,10292#BCRTC,+,+
LDOC,33400,PART,PART,*,*,10307#BCRTC,+,+
LDOC,33401,PART,PART,*,*,13040#BCRTC,+,+
LDOC,33402,PART,PART,*,*,10299#BCRTC,+,+
LDOC,33403,PART,PART,*,*,13041#BCRTC,+,+
LDOC,33404,PART,PART,*,*,10288#BCRTC,+,+
LDOC,33405,PART,PART,*,*,10284#BCRTC,+,+
LDOC,33406,PART,PART,*,*,10287#BCRTC,+,+
LDOC,33407,PART,PART,*,*,10291#BCRTC,+,+
LDOC,33408,PART,PART,*,*,10283#BCRTC,+,+
LDOC,33409,PART,PART,*,*,10286#BCRTC,+,+
LDOC,33410,PART,PART,*,*,10285#BCRTC,+,+
LDOC,33411,PART,PART,*,*,10282#BCRTC,+,+
LDOC,33412,PART,PART,*,*,13099#BCRTC,+,+
LDOC,33413,PART,PART,*,*,10281#BCRTC,+,+
LDOC,33414,PART,PART,*,*,10336#BCRTC,+,+
LDOC,33415,PART,PART,*,*,10335#BCRTC,+,+
LDOC,33416,PART,PART,*,*,10334#BCRTC,+,+
LDOC,33417,PART,PART,*,*,10333#BCRTC,+,+
LDOC,33418,PART,PART,*,*,10332#BCRTC,+,+
LDOC,33419,PART,PART,*,*,10401#BCRTC,+,+
LDOC,33420,PART,PART,*,*,10402#BCRTC,+,+
LDOC,33421,PART,PART,*,*,10408#BCRTC,+,+
LDOC,33422,PART,PART,*,*,10419#BCRTC,+,+
LDOC,33423,PART,PART,*,*,10431#BCRTC,+,+
LDOC,33424,PART,PART,*,*,10473#BCRTC,+,+
LDOC,33425,PART,PART,*,*,10475#BCRTC,+,+
LDOC,33426,PART,PART,*,*,10535#BCRTC,+,+
LDOC,33427,PART,PART,*,*,10571#BCRTC,+,+
LDOC,33428,PART,PART,*,*,10572#BCRTC,+,+
LDOC,33429,PART,PART,*,*,10569#BCRTC,+,+
LDOC,33430,PART,PART,*,*,10581#BCRTC,+,+
LDOC,33431,PART,PART,*,*,10834#BCRTC,+,+
LDOC,33432,PART,PART,*,*,10835#BCRTC,+,+
LDOC,33433,PART,PART,*,*,10836#BCRTC,+,+
LDOC,33434,PART,PART,*,*,12491#BCRTC,+,+
LDOC,33435,PART,PART,*,*,12840#BCRTC,+,+
LDOC,33436,PART,PART,*,*,13100#BCRTC,+,+
LDOC,33437,PART,PART,*,*,13101#BCRTC,+,+
LDOC,33438,PART,PART,*,*,13102#BCRTC,+,+
LDOC,33439,PART,PART,*,*,13969#BCRTC,+,+
LDOC,33440,PART,PART,*,*,14057#BCRTC,+,+
LDOC,33441,PART,PART,*,*,14214#BCRTC,+,+
LDOC,33442,PART,PART,*,*,14726#BCRTC,+,+
LDOC,33443,PART,PART,*,*,14555#BCRTC,+,+
LDOC,33444,PART,PART,*,*,14875#BCRTC,+,+
LDOC,33445,PART,PART,*,*,15627#BCRTC,+,+
LDOC,33446,PART,PART,*,*,15626#BCRTC,+,+
LDOC,33447,PART,PART,*,*,15628#BCRTC,+,+
LDOC,33448,PART,PART,*,*,15629#BCRTC,+,+
LDOC,33449,PART,PART,*,*,15630#BCRTC,+,+
LDOC,33450,PART,PART,*,*,15631#BCRTC,+,+
LDOC,33451,PART,PART,*,*,15632#BCRTC,+,+
LDOC,33452,PART,PART,*,*,15633#BCRTC,+,+
LDOC,33453,PART,PART,*,*,15634#BCRTC,+,+
LDOC,33454,PART,PART,*,*,15635#BCRTC,+,+
LDOC,33455,PART,PART,*,*,15636#BCRTC,+,+
LDOC,33456,PART,PART,*,*,15637#BCRTC,+,+
LDOC,33457,PART,PART,*,*,15638#BCRTC,+,+
LDOC,33458,PART,PART,*,*,15639#BCRTC,+,+
LDOC,33459,PART,PART,*,*,15640#BCRTC,+,+
LDOC,33460,PART,PART,*,*,15641#BCRTC,+,+
LDOC,33461,PART,PART,*,*,15642#BCRTC,+,+
LDOC,33462,PART,PART,*,*,15643#BCRTC,+,+
LDOC,33463,PART,PART,*,*,9330#BCRTC,+,+
LDOC,33464,PART,PART,*,*,9389#BCRTC,+,+
LDOC,33465,PART,PART,*,*,9636#BCRTC,+,+
LDOC,33466,PART,PART,*,*,10325#BCRTC,+,+
LDOC,33467,PART,PART,*,*,10775#BCRTC,+,+
LDOC,33468,PART,PART,*,*,11833#BCRTC,+,+
LDOC,33469,PART,PART,*,*,12035#BCRTC,+,+
LDOC,33470,PART,PART,*,*,12034#BCRTC,+,+
LDOC,33471,PART,PART,*,*,12022#BCRTC,+,+
LDOC,33472,PART,PART,*,*,12317#BCRTC,+,+
LDOC,33473,PART,PART,*,*,12459#BCRTC,+,+
LDOC,33474,PART,PART,*,*,13927#BCRTC,+,+
LDOC,33475,PART,PART,*,*,13928#BCRTC,+,+
LDOC,33476,PART,PART,*,*,13966#BCRTC,+,+
LDOC,33477,PART,PART,*,*,14020#BCRTC,+,+
LDOC,33478,PART,PART,*,*,14268#BCRTC,+,+
LDOC,33479,PART,PART,*,*,14429#BCRTC,+,+
LDOC,33480,PART,PART,*,*,14495#BCRTC,+,+
LDOC,33481,PART,PART,*,*,14556#BCRTC,+,+
LDOC,33482,PART,PART,*,*,14645#BCRTC,+,+
LDOC,33483,PART,PART,*,*,14646#BCRTC,+,+
LDOC,33484,PART,PART,*,*,14765#BCRTC,+,+
LDOC,33485,PART,PART,*,*,14768#BCRTC,+,+
LDOC,33486,PART,PART,*,*,3599#BCRTC,+,+
LDOC,33487,PART,PART,*,*,3600#BCRTC,+,+
LDOC,33488,PART,PART,*,*,3601#BCRTC,+,+
LDOC,33489,PART,PART,*,*,6252#BCRTC,+,+
LDOC,33490,PART,PART,*,*,6253#BCRTC,+,+
LDOC,33491,PART,PART,*,*,6254#BCRTC,+,+
LDOC,33492,PART,PART,*,*,6658#BCRTC,+,+
LDOC,33493,PART,PART,*,*,3605#BCRTC,+,+
LDOC,33494,PART,PART,*,*,3607#BCRTC,+,+
LDOC,33495,PART,PART,*,*,3608#BCRTC,+,+
LDOC,33496,PART,PART,*,*,3609#BCRTC,+,+
LDOC,33497,PART,PART,*,*,3610#BCRTC,+,+
LDOC,33498,PART,PART,*,*,3611#BCRTC,+,+
LDOC,33499,PART,PART,*,*,3613#BCRTC,+,+
LDOC,33500,PART,PART,*,*,3617#BCRTC,+,+
LDOC,33501,PART,PART,*,*,3618#BCRTC,+,+
LDOC,33502,PART,PART,*,*,3619#BCRTC,+,+
LDOC,33503,PART,PART,*,*,3623#BCRTC,+,+
LDOC,33504,PART,PART,*,*,3624#BCRTC,+,+
LDOC,33505,PART,PART,*,*,3626#BCRTC,+,+
LDOC,33506,PART,PART,*,*,3628#BCRTC,+,+
LDOC,33507,PART,PART,*,*,3629#BCRTC,+,+
LDOC,33508,PART,PART,*,*,3630#BCRTC,+,+
LDOC,33509,PART,PART,*,*,3631#BCRTC,+,+
LDOC,33510,PART,PART,*,*,6499#BCRTC,+,+
LDOC,33511,PART,PART,*,*,3634#BCRTC,+,+
LDOC,33512,PART,PART,*,*,3635#BCRTC,+,+
LDOC,33513,PART,PART,*,*,3636#BCRTC,+,+
LDOC,33514,PART,PART,*,*,3637#BCRTC,+,+
LDOC,33515,PART,PART,*,*,3638#BCRTC,+,+
LDOC,33516,PART,PART,*,*,3639#BCRTC,+,+
LDOC,33517,PART,PART,*,*,3640#BCRTC,+,+
LDOC,33518,PART,PART,*,*,3641#BCRTC,+,+
LDOC,33519,PART,PART,*,*,6776#BCRTC,+,+
LDOC,33520,PART,PART,*,*,3642#BCRTC,+,+
LDOC,33521,PART,PART,*,*,3643#BCRTC,+,+
LDOC,33522,PART,PART,*,*,3644#BCRTC,+,+
LDOC,33523,PART,PART,*,*,3645#BCRTC,+,+
LDOC,33524,PART,PART,*,*,3646#BCRTC,+,+
LDOC,33525,PART,PART,*,*,3647#BCRTC,+,+
LDOC,33526,PART,PART,*,*,3649#BCRTC,+,+
LDOC,33527,PART,PART,*,*,11998#BCRTC,+,+
LDOC,33528,PART,PART,*,*,11999#BCRTC,+,+
LDOC,33529,PART,PART,*,*,12000#BCRTC,+,+
LDOC,33530,PART,PART,*,*,12001#BCRTC,+,+
LDOC,33531,PART,PART,*,*,12002#BCRTC,+,+
LDOC,33532,PART,PART,*,*,12003#BCRTC,+,+
LDOC,33533,PART,PART,*,*,12004#BCRTC,+,+
LDOC,33534,PART,PART,*,*,12005#BCRTC,+,+
LDOC,33535,PART,PART,*,*,12006#BCRTC,+,+
LDOC,33536,PART,PART,*,*,11993#BCRTC,+,+
LDOC,33537,PART,PART,*,*,11994#BCRTC,+,+
LDOC,33538,PART,PART,*,*,11995#BCRTC,+,+
LDOC,33539,PART,PART,*,*,11996#BCRTC,+,+
LDOC,33540,PART,PART,*,*,11997#BCRTC,+,+
LDOC,33541,PART,PART,*,*,11992#BCRTC,+,+
LDOC,33542,PART,PART,*,*,12007#BCRTC,+,+
LDOC,33543,PART,PART,*,*,12008#BCRTC,+,+
LDOC,33544,PART,PART,*,*,12009#BCRTC,+,+
LDOC,33545,PART,PART,*,*,12010#BCRTC,+,+
LDOC,33546,PART,PART,*,*,12013#BCRTC,+,+
LDOC,33547,PART,PART,*,*,12015#BCRTC,+,+
LDOC,33548,PART,PART,*,*,12016#BCRTC,+,+
LDOC,33549,PART,PART,*,*,12018#BCRTC,+,+
LDOC,33550,PART,PART,*,*,12460#BCRTC,+,+
LDOC,33551,PART,PART,*,*,12881#BCRTC,+,+
LDOC,33552,PART,PART,*,*,12882#BCRTC,+,+
LDOC,33553,PART,PART,*,*,12883#BCRTC,+,+
LDOC,33554,PART,PART,*,*,12884#BCRTC,+,+
LDOC,33555,PART,PART,*,*,12885#BCRTC,+,+
LDOC,33556,PART,PART,*,*,12886#BCRTC,+,+
LDOC,33557,PART,PART,*,*,12887#BCRTC,+,+
LDOC,33558,PART,PART,*,*,12888#BCRTC,+,+
LDOC,33559,PART,PART,*,*,12889#BCRTC,+,+
LDOC,33560,PART,PART,*,*,12890#BCRTC,+,+
LDOC,33561,PART,PART,*,*,12892#BCRTC,+,+
LDOC,33562,PART,PART,*,*,12894#BCRTC,+,+
LDOC,33563,PART,PART,*,*,12914#BCRTC,+,+
LDOC,33564,PART,PART,*,*,12946#BCRTC,+,+
LDOC,33565,PART,PART,*,*,12945#BCRTC,+,+
LDOC,33566,PART,PART,*,*,12944#BCRTC,+,+
LDOC,33567,PART,PART,*,*,12941#BCRTC,+,+
LDOC,33568,PART,PART,*,*,12939#BCRTC,+,+
LDOC,33569,PART,PART,*,*,12938#BCRTC,+,+
LDOC,33570,PART,PART,*,*,12937#BCRTC,+,+
LDOC,33571,PART,PART,*,*,12972#BCRTC,+,+
LDOC,33572,PART,PART,*,*,12976#BCRTC,+,+
LDOC,33573,PART,PART,*,*,12975#BCRTC,+,+
LDOC,33574,PART,PART,*,*,12974#BCRTC,+,+
LDOC,33575,PART,PART,*,*,12973#BCRTC,+,+
LDOC,33576,PART,PART,*,*,12971#BCRTC,+,+
LDOC,33577,PART,PART,*,*,14092#BCRTC,+,+
LDOC,33578,PART,PART,*,*,14094#BCRTC,+,+
LDOC,33579,PART,PART,*,*,14095#BCRTC,+,+
LDOC,33580,PART,PART,*,*,14096#BCRTC,+,+
LDOC,33581,PART,PART,*,*,14267#BCRTC,+,+
LDOC,33582,PART,PART,*,*,14266#BCRTC,+,+
LDOC,33583,PART,PART,*,*,14265#BCRTC,+,+
LDOC,33584,PART,PART,*,*,14264#BCRTC,+,+
LDOC,33585,PART,PART,*,*,14263#BCRTC,+,+
LDOC,33586,PART,PART,*,*,14262#BCRTC,+,+
LDOC,33587,PART,PART,*,*,14260#BCRTC,+,+
LDOC,33588,PART,PART,*,*,14261#BCRTC,+,+
LDOC,33589,PART,PART,*,*,14259#BCRTC,+,+
LDOC,33590,PART,PART,*,*,6933#BCRTC,+,+
LDOC,33591,PART,PART,*,*,7119#BCRTC,+,+
LDOC,33592,PART,PART,*,*,9161#BCRTC,+,+
LDOC,33593,PART,PART,*,*,9160#BCRTC,+,+
LDOC,33594,PART,PART,*,*,9159#BCRTC,+,+
LDOC,33595,PART,PART,*,*,9158#BCRTC,+,+
LDOC,33596,PART,PART,*,*,9306#BCRTC,+,+
LDOC,33597,PART,PART,*,*,9308#BCRTC,+,+
LDOC,33598,PART,PART,*,*,9309#BCRTC,+,+
LDOC,33599,PART,PART,*,*,9310#BCRTC,+,+
LDOC,33600,PART,PART,*,*,9311#BCRTC,+,+
LDOC,33601,PART,PART,*,*,3650#BCRTC,+,+
LDOC,33602,PART,PART,*,*,9945#BCRTC,+,+
LDOC,33603,PART,PART,*,*,10087#BCRTC,+,+
LDOC,33604,PART,PART,*,*,10113#BCRTC,+,+
LDOC,33605,PART,PART,*,*,10544#BCRTC,+,+
LDOC,33606,PART,PART,*,*,10579#BCRTC,+,+
LDOC,33607,PART,PART,*,*,10601#BCRTC,+,+
LDOC,33608,PART,PART,*,*,12147#BCRTC,+,+
LDOC,33609,PART,PART,*,*,12148#BCRTC,+,+
LDOC,33610,PART,PART,*,*,12149#BCRTC,+,+
LDOC,33611,PART,PART,*,*,3651#BCRTC,+,+
LDOC,33612,PART,PART,*,*,12150#BCRTC,+,+
LDOC,33613,PART,PART,*,*,3652#BCRTC,+,+
LDOC,33614,PART,PART,*,*,12151#BCRTC,+,+
LDOC,33615,PART,PART,*,*,12298#BCRTC,+,+
LDOC,33616,PART,PART,*,*,12346#BCRTC,+,+
LDOC,33617,PART,PART,*,*,12363#BCRTC,+,+
LDOC,33618,PART,PART,*,*,12362#BCRTC,+,+
LDOC,33619,PART,PART,*,*,12361#BCRTC,+,+
LDOC,33620,PART,PART,*,*,3653#BCRTC,+,+
LDOC,33621,PART,PART,*,*,12801#BCRTC,+,+
LDOC,33622,PART,PART,*,*,13797#BCRTC,+,+
LDOC,33623,PART,PART,*,*,13858#BCRTC,+,+
LDOC,33624,PART,PART,*,*,13873#BCRTC,+,+
LDOC,33625,PART,PART,*,*,13902#BCRTC,+,+
LDOC,33626,PART,PART,*,*,3801#BCRTC,+,+
LDOC,33627,PART,PART,*,*,3802#BCRTC,+,+
LDOC,33628,PART,PART,*,*,3803#BCRTC,+,+
LDOC,33629,PART,PART,*,*,3804#BCRTC,+,+
LDOC,33630,PART,PART,*,*,3805#BCRTC,+,+
LDOC,33631,PART,PART,*,*,3808#BCRTC,+,+
LDOC,33632,PART,PART,*,*,3809#BCRTC,+,+
LDOC,33633,PART,PART,*,*,3810#BCRTC,+,+
LDOC,33634,PART,PART,*,*,3812#BCRTC,+,+
LDOC,33635,PART,PART,*,*,3816#BCRTC,+,+
LDOC,33636,PART,PART,*,*,3817#BCRTC,+,+
LDOC,33637,PART,PART,*,*,3818#BCRTC,+,+
LDOC,33638,PART,PART,*,*,3819#BCRTC,+,+
LDOC,33639,PART,PART,*,*,3820#BCRTC,+,+
LDOC,33640,PART,PART,*,*,3821#BCRTC,+,+
LDOC,33641,PART,PART,*,*,3823#BCRTC,+,+
LDOC,33642,PART,PART,*,*,3824#BCRTC,+,+
LDOC,33643,PART,PART,*,*,3825#BCRTC,+,+
LDOC,33644,PART,PART,*,*,3826#BCRTC,+,+
LDOC,33645,PART,PART,*,*,3827#BCRTC,+,+
LDOC,33646,PART,PART,*,*,10838#BCRTC,+,+
LDOC,33647,PART,PART,*,*,10892#BCRTC,+,+
LDOC,33648,PART,PART,*,*,15540#BCRTC,+,+
LDOC,33649,PART,PART,*,*,3828#BCRTC,+,+
LDOC,33650,PART,PART,*,*,3829#BCRTC,+,+
LDOC,33651,PART,PART,*,*,3830#BCRTC,+,+
LDOC,33652,PART,PART,*,*,3831#BCRTC,+,+
LDOC,33653,PART,PART,*,*,3832#BCRTC,+,+
LDOC,33654,PART,PART,*,*,3833#BCRTC,+,+
LDOC,33655,PART,PART,*,*,3834#BCRTC,+,+
LDOC,33656,PART,PART,*,*,3835#BCRTC,+,+
LDOC,33657,PART,PART,*,*,3836#BCRTC,+,+
LDOC,33658,PART,PART,*,*,3838#BCRTC,+,+
LDOC,33659,PART,PART,*,*,3839#BCRTC,+,+
LDOC,33660,PART,PART,*,*,3840#BCRTC,+,+
LDOC,33661,PART,PART,*,*,7058#BCRTC,+,+
LDOC,33662,PART,PART,*,*,7059#BCRTC,+,+
LDOC,33663,PART,PART,*,*,7060#BCRTC,+,+
LDOC,33664,PART,PART,*,*,9785#BCRTC,+,+
LDOC,33665,PART,PART,*,*,7062#BCRTC,+,+
LDOC,33666,PART,PART,*,*,7113#BCRTC,+,+
LDOC,33667,PART,PART,*,*,7118#BCRTC,+,+
LDOC,33668,PART,PART,*,*,7114#BCRTC,+,+
LDOC,33669,PART,PART,*,*,7121#BCRTC,+,+
LDOC,33670,PART,PART,*,*,3842#BCRTC,+,+
LDOC,33671,PART,PART,*,*,3843#BCRTC,+,+
LDOC,33672,PART,PART,*,*,11053#BCRTC,+,+
LDOC,33673,PART,PART,*,*,6662#BCRTC,+,+
LDOC,33674,PART,PART,*,*,13905#BCRTC,+,+
LDOC,33675,PART,PART,*,*,3654#BCRTC,+,+
LDOC,33676,PART,PART,*,*,13907#BCRTC,+,+
LDOC,33677,PART,PART,*,*,13908#BCRTC,+,+
LDOC,33678,PART,PART,*,*,13926#BCRTC,+,+
LDOC,33679,PART,PART,*,*,13929#BCRTC,+,+
LDOC,33680,PART,PART,*,*,13940#BCRTC,+,+
LDOC,33681,PART,PART,*,*,12465#BCRTC,+,+
LDOC,33682,PART,PART,*,*,14003#BCRTC,+,+
LDOC,33683,PART,PART,*,*,14002#BCRTC,+,+
LDOC,33684,PART,PART,*,*,14004#BCRTC,+,+
LDOC,33685,PART,PART,*,*,14047#BCRTC,+,+
LDOC,33686,PART,PART,*,*,14090#BCRTC,+,+
LDOC,33687,PART,PART,*,*,3655#BCRTC,+,+
LDOC,33688,PART,PART,*,*,3656#BCRTC,+,+
LDOC,33689,PART,PART,*,*,14190#BCRTC,+,+
LDOC,33690,PART,PART,*,*,14250#BCRTC,+,+
LDOC,33691,PART,PART,*,*,14246#BCRTC,+,+
LDOC,33692,PART,PART,*,*,14297#BCRTC,+,+
LDOC,33693,PART,PART,*,*,14306#BCRTC,+,+
LDOC,33694,PART,PART,*,*,14320#BCRTC,+,+
LDOC,33695,PART,PART,*,*,14317#BCRTC,+,+
LDOC,33696,PART,PART,*,*,14322#BCRTC,+,+
LDOC,33697,PART,PART,*,*,14375#BCRTC,+,+
LDOC,33698,PART,PART,*,*,14430#BCRTC,+,+
LDOC,33699,PART,PART,*,*,14431#BCRTC,+,+
LDOC,33700,PART,PART,*,*,14432#BCRTC,+,+
LDOC,33701,PART,PART,*,*,14433#BCRTC,+,+
LDOC,33702,PART,PART,*,*,14434#BCRTC,+,+
LDOC,33703,PART,PART,*,*,14448#BCRTC,+,+
LDOC,33704,PART,PART,*,*,14449#BCRTC,+,+
LDOC,33705,PART,PART,*,*,3657#BCRTC,+,+
LDOC,33706,PART,PART,*,*,14450#BCRTC,+,+
LDOC,33707,PART,PART,*,*,14451#BCRTC,+,+
LDOC,33708,PART,PART,*,*,14452#BCRTC,+,+
LDOC,33709,PART,PART,*,*,14554#BCRTC,+,+
LDOC,33710,PART,PART,*,*,14566#BCRTC,+,+
LDOC,33711,PART,PART,*,*,14583#BCRTC,+,+
LDOC,33712,PART,PART,*,*,14621#BCRTC,+,+
LDOC,33713,PART,PART,*,*,14620#BCRTC,+,+
LDOC,33714,PART,PART,*,*,14619#BCRTC,+,+
LDOC,33715,PART,PART,*,*,14657#BCRTC,+,+
LDOC,33716,PART,PART,*,*,14659#BCRTC,+,+
LDOC,33717,PART,PART,*,*,14658#BCRTC,+,+
LDOC,33718,PART,PART,*,*,14722#BCRTC,+,+
LDOC,33719,PART,PART,*,*,3659#BCRTC,+,+
LDOC,33720,PART,PART,*,*,14721#BCRTC,+,+
LDOC,33721,PART,PART,*,*,14879#BCRTC,+,+
LDOC,33722,PART,PART,*,*,3660#BCRTC,+,+
LDOC,33723,PART,PART,*,*,3661#BCRTC,+,+
LDOC,33724,PART,PART,*,*,3662#BCRTC,+,+
LDOC,33725,PART,PART,*,*,3664#BCRTC,+,+
LDOC,33726,PART,PART,*,*,3665#BCRTC,+,+
LDOC,33727,PART,PART,*,*,3669#BCRTC,+,+
LDOC,33728,PART,PART,*,*,3671#BCRTC,+,+
LDOC,33729,PART,PART,*,*,3672#BCRTC,+,+
LDOC,33730,PART,PART,*,*,3673#BCRTC,+,+
LDOC,33731,PART,PART,*,*,3674#BCRTC,+,+
LDOC,33732,PART,PART,*,*,3675#BCRTC,+,+
LDOC,33733,PART,PART,*,*,3676#BCRTC,+,+
LDOC,33734,PART,PART,*,*,3677#BCRTC,+,+
LDOC,33735,PART,PART,*,*,3678#BCRTC,+,+
LDOC,33736,PART,PART,*,*,3679#BCRTC,+,+
LDOC,33737,PART,PART,*,*,3680#BCRTC,+,+
LDOC,33738,PART,PART,*,*,3681#BCRTC,+,+
LDOC,33739,PART,PART,*,*,3682#BCRTC,+,+
LDOC,33740,PART,PART,*,*,3683#BCRTC,+,+
LDOC,33741,PART,PART,*,*,3684#BCRTC,+,+
LDOC,33742,PART,PART,*,*,3685#BCRTC,+,+
LDOC,33743,PART,PART,*,*,3686#BCRTC,+,+
LDOC,33744,PART,PART,*,*,3687#BCRTC,+,+
LDOC,33745,PART,PART,*,*,3689#BCRTC,+,+
LDOC,33746,PART,PART,*,*,3690#BCRTC,+,+
LDOC,33747,PART,PART,*,*,3691#BCRTC,+,+
LDOC,33748,PART,PART,*,*,3692#BCRTC,+,+
LDOC,33749,PART,PART,*,*,3693#BCRTC,+,+
LDOC,33750,PART,PART,*,*,3694#BCRTC,+,+
LDOC,33751,PART,PART,*,*,3696#BCRTC,+,+
LDOC,33752,PART,PART,*,*,3697#BCRTC,+,+
LDOC,33753,PART,PART,*,*,3698#BCRTC,+,+
LDOC,33754,PART,PART,*,*,6237#BCRTC,+,+
LDOC,33755,PART,PART,*,*,3701#BCRTC,+,+
LDOC,33756,PART,PART,*,*,3702#BCRTC,+,+
LDOC,33757,PART,PART,*,*,3703#BCRTC,+,+
LDOC,33758,PART,PART,*,*,14044#BCRTC,+,+
LDOC,33759,PART,PART,*,*,6834#BCRTC,+,+
LDOC,33760,PART,PART,*,*,9101#BCRTC,+,+
LDOC,33761,PART,PART,*,*,9390#BCRTC,+,+
LDOC,33762,PART,PART,*,*,6686#BCRTC,+,+
LDOC,33763,PART,PART,*,*,6689#BCRTC,+,+
LDOC,33764,PART,PART,*,*,6690#BCRTC,+,+
LDOC,33765,PART,PART,*,*,6663#BCRTC,+,+
LDOC,33766,PART,PART,*,*,6678#BCRTC,+,+
LDOC,33767,PART,PART,*,*,6679#BCRTC,+,+
LDOC,33768,PART,PART,*,*,6680#BCRTC,+,+
LDOC,33769,PART,PART,*,*,6664#BCRTC,+,+
LDOC,33770,PART,PART,*,*,6665#BCRTC,+,+
LDOC,33771,PART,PART,*,*,6666#BCRTC,+,+
LDOC,33772,PART,PART,*,*,6681#BCRTC,+,+
LDOC,33807,PART,PART,*,*,6682#BCRTC,+,+
LDOC,33808,PART,PART,*,*,6667#BCRTC,+,+
LDOC,33809,PART,PART,*,*,6683#BCRTC,+,+
LDOC,33810,PART,PART,*,*,6684#BCRTC,+,+
LDOC,33811,PART,PART,*,*,6685#BCRTC,+,+
LDOC,33812,PART,PART,*,*,6655#BCRTC,+,+
LDOC,33813,PART,PART,*,*,6652#BCRTC,+,+
LDOC,33814,PART,PART,*,*,6674#BCRTC,+,+
LDOC,33815,PART,PART,*,*,6675#BCRTC,+,+
LDOC,33816,PART,PART,*,*,6696#BCRTC,+,+
LDOC,33817,PART,PART,*,*,6676#BCRTC,+,+
LDOC,33818,PART,PART,*,*,6668#BCRTC,+,+
LDOC,33819,PART,PART,*,*,6695#BCRTC,+,+
LDOC,33820,PART,PART,*,*,6673#BCRTC,+,+
LDOC,33821,PART,PART,*,*,7238#BCRTC,+,+
LDOC,33822,PART,PART,*,*,9023#BCRTC,+,+
LDOC,33823,PART,PART,*,*,8824#BCRTC,+,+
LDOC,33824,PART,PART,*,*,8822#BCRTC,+,+
LDOC,33825,PART,PART,*,*,8823#BCRTC,+,+
LDOC,33826,PART,PART,*,*,9020#BCRTC,+,+
LDOC,33827,PART,PART,*,*,9019#BCRTC,+,+
LDOC,33828,PART,PART,*,*,9022#BCRTC,+,+
LDOC,33829,PART,PART,*,*,9018#BCRTC,+,+
LDOC,33830,PART,PART,*,*,9024#BCRTC,+,+
LDOC,33831,PART,PART,*,*,3704#BCRTC,+,+
LDOC,33832,PART,PART,*,*,9684#BCRTC,+,+
LDOC,33833,PART,PART,*,*,10580#BCRTC,+,+
LDOC,33834,PART,PART,*,*,3705#BCRTC,+,+
LDOC,33835,PART,PART,*,*,3712#BCRTC,+,+
LDOC,33836,PART,PART,*,*,3714#BCRTC,+,+
LDOC,33837,PART,PART,*,*,3716#BCRTC,+,+
LDOC,33838,PART,PART,*,*,3720#BCRTC,+,+
LDOC,33839,PART,PART,*,*,6275#BCRTC,+,+
LDOC,33840,PART,PART,*,*,3730#BCRTC,+,+
LDOC,33841,PART,PART,*,*,3731#BCRTC,+,+
LDOC,33842,PART,PART,*,*,3736#BCRTC,+,+
LDOC,33843,PART,PART,*,*,3737#BCRTC,+,+
LDOC,33844,PART,PART,*,*,6276#BCRTC,+,+
LDOC,33845,PART,PART,*,*,3738#BCRTC,+,+
LDOC,33846,PART,PART,*,*,3739#BCRTC,+,+
LDOC,33847,PART,PART,*,*,3740#BCRTC,+,+
LDOC,33848,PART,PART,*,*,3741#BCRTC,+,+
LDOC,33849,PART,PART,*,*,3742#BCRTC,+,+
LDOC,33850,PART,PART,*,*,3749#BCRTC,+,+
LDOC,33851,PART,PART,*,*,3750#BCRTC,+,+
LDOC,33852,PART,PART,*,*,3751#BCRTC,+,+
LDOC,33853,PART,PART,*,*,3752#BCRTC,+,+
LDOC,33854,PART,PART,*,*,3753#BCRTC,+,+
LDOC,33855,PART,PART,*,*,3754#BCRTC,+,+
LDOC,33856,PART,PART,*,*,3756#BCRTC,+,+
LDOC,33857,PART,PART,*,*,3757#BCRTC,+,+
LDOC,33858,PART,PART,*,*,3758#BCRTC,+,+
LDOC,33859,PART,PART,*,*,3759#BCRTC,+,+
LDOC,33860,PART,PART,*,*,3761#BCRTC,+,+
LDOC,33861,PART,PART,*,*,3762#BCRTC,+,+
LDOC,33862,PART,PART,*,*,3763#BCRTC,+,+
LDOC,33863,PART,PART,*,*,3764#BCRTC,+,+
LDOC,33864,PART,PART,*,*,11045#BCRTC,+,+
LDOC,33865,PART,PART,*,*,3765#BCRTC,+,+
LDOC,33866,PART,PART,*,*,3766#BCRTC,+,+
LDOC,33867,PART,PART,*,*,3767#BCRTC,+,+
LDOC,33868,PART,PART,*,*,3768#BCRTC,+,+
LDOC,33869,PART,PART,*,*,3769#BCRTC,+,+
LDOC,33870,PART,PART,*,*,3770#BCRTC,+,+
LDOC,33871,PART,PART,*,*,3771#BCRTC,+,+
LDOC,33872,PART,PART,*,*,3772#BCRTC,+,+
LDOC,33873,PART,PART,*,*,3773#BCRTC,+,+
LDOC,33874,PART,PART,*,*,3774#BCRTC,+,+
LDOC,33875,PART,PART,*,*,3775#BCRTC,+,+
LDOC,33876,PART,PART,*,*,3776#BCRTC,+,+
LDOC,33877,PART,PART,*,*,3777#BCRTC,+,+
LDOC,33878,PART,PART,*,*,3778#BCRTC,+,+
LDOC,33879,PART,PART,*,*,3779#BCRTC,+,+
LDOC,33880,PART,PART,*,*,3781#BCRTC,+,+
LDOC,33881,PART,PART,*,*,3782#BCRTC,+,+
LDOC,33882,PART,PART,*,*,3783#BCRTC,+,+
LDOC,33883,PART,PART,*,*,3784#BCRTC,+,+
LDOC,33884,PART,PART,*,*,3785#BCRTC,+,+
LDOC,33885,PART,PART,*,*,3786#BCRTC,+,+
LDOC,33886,PART,PART,*,*,3787#BCRTC,+,+
LDOC,33887,PART,PART,*,*,3789#BCRTC,+,+
LDOC,33888,PART,PART,*,*,3790#BCRTC,+,+
LDOC,33889,PART,PART,*,*,3791#BCRTC,+,+
LDOC,33890,PART,PART,*,*,3792#BCRTC,+,+
LDOC,33891,PART,PART,*,*,3793#BCRTC,+,+
LDOC,33892,PART,PART,*,*,3794#BCRTC,+,+
LDOC,33893,PART,PART,*,*,3795#BCRTC,+,+
LDOC,33894,PART,PART,*,*,3796#BCRTC,+,+
LDOC,33895,PART,PART,*,*,3797#BCRTC,+,+
LDOC,33896,PART,PART,*,*,3800#BCRTC,+,+
LDOC,33897,PART,PART,*,*,3801#BCRTC,+,+
LDOC,33898,PART,PART,*,*,3802#BCRTC,+,+
LDOC,33899,PART,PART,*,*,3803#BCRTC,+,+
LDOC,33900,PART,PART,*,*,3804#BCRTC,+,+
LDOC,33901,PART,PART,*,*,3805#BCRTC,+,+
LDOC,33902,PART,PART,*,*,3808#BCRTC,+,+
LDOC,33903,PART,PART,*,*,3809#BCRTC,+,+
LDOC,33904,PART,PART,*,*,3810#BCRTC,+,+
LDOC,33905,PART,PART,*,*,3812#BCRTC,+,+
LDOC,33906,PART,PART,*,*,3816#BCRTC,+,+
