tkd_trans,tkd_promptdata1,legacy_part_number,tkd_promptdata2,tkd_promptdata3,tkd_promptdata4,tkd_promptdata5,tkd_promptdata6,tkd_promptdata7,tkd_promptdata8
LDOC,37784,C00-03-0303-001,PART,PART,*,*,10275#BCRTC,+,+
LDOC,37785,C00-03-0303-002,PART,PART,*,*,10276#BCRTC,+,+
LDOC,37786,C00-03-0303-003,PART,PART,*,*,10277#BCRTC,+,+
LDOC,37787,C00-03-0303-004,PART,PART,*,*,10278#BCRTC,+,+
LDOC,37788,C00-03-0303-005,PART,PART,*,*,10279#BCRTC,+,+
LDOC,37789,C00-03-0303-006,PART,PART,*,*,10298#BCRTC,+,+
LDOC,37790,C00-03-0303-007,PART,PART,*,*,10290#BCRTC,+,+
LDOC,37791,C00-03-0303-008,PART,PART,*,*,10289#BCRTC,+,+
LDOC,37792,C00-03-0303-009,PART,PART,*,*,10297#BCRTC,+,+
LDOC,37793,C00-03-0303-010,PART,PART,*,*,10296#BCRTC,+,+
LDOC,37794,C00-03-0303-011,PART,PART,*,*,10295#BCRTC,+,+
LDOC,37795,C00-03-0303-012,PART,PART,*,*,10294#BCRTC,+,+
LDOC,37796,C00-03-0303-013,PART,PART,*,*,10304#BCRTC,+,+
LDOC,37797,C00-03-0303-014,PART,PART,*,*,10303#BCRTC,+,+
LDOC,37798,C00-03-0303-016,PART,PART,*,*,10301#BCRTC,+,+
LDOC,37799,C00-03-0303-017,PART,PART,*,*,10300#BCRTC,+,+
LDOC,37800,C00-03-0303-018,PART,PART,*,*,10302#BCRTC,+,+
LDOC,37801,C00-03-0303-019,PART,PART,*,*,10305#BCRTC,+,+
LDOC,37802,C00-03-0303-020,PART,PART,*,*,10293#BCRTC,+,+
LDOC,37803,C00-03-0303-021,PART,PART,*,*,10306#BCRTC,+,+
LDOC,37804,C00-03-0303-022,PART,PART,*,*,10308#BCRTC,+,+
LDOC,37805,C00-03-0303-023,PART,PART,*,*,10309#BCRTC,+,+
LDOC,37806,C00-03-0303-024,PART,PART,*,*,10292#BCRTC,+,+
LDOC,37807,C00-03-0303-025,PART,PART,*,*,10307#BCRTC,+,+
LDOC,37808,C00-03-0303-026,PART,PART,*,*,13040#BCRTC,+,+
LDOC,37809,C00-03-0303-027,PART,PART,*,*,10299#BCRTC,+,+
LDOC,37810,C00-03-0303-028,PART,PART,*,*,13041#BCRTC,+,+
LDOC,37811,C00-03-0303-029,PART,PART,*,*,10288#BCRTC,+,+
LDOC,37812,C00-03-0303-030,PART,PART,*,*,10284#BCRTC,+,+
LDOC,37813,C00-03-0303-031,PART,PART,*,*,10287#BCRTC,+,+
LDOC,37814,C00-03-0303-032,PART,PART,*,*,10291#BCRTC,+,+
LDOC,37815,C00-03-0303-033,PART,PART,*,*,10283#BCRTC,+,+
LDOC,37816,C00-03-0303-034,PART,PART,*,*,10286#BCRTC,+,+
LDOC,37817,C00-03-0303-035,PART,PART,*,*,10285#BCRTC,+,+
LDOC,37818,C00-03-0303-036,PART,PART,*,*,10282#BCRTC,+,+
LDOC,37819,C00-03-0303-037,PART,PART,*,*,13099#BCRTC,+,+
LDOC,37820,C00-03-0303-038,PART,PART,*,*,10281#BCRTC,+,+
LDOC,37821,C00-03-0303-039,PART,PART,*,*,10336#BCRTC,+,+
LDOC,37822,C00-03-0303-040,PART,PART,*,*,10335#BCRTC,+,+
LDOC,37823,C00-03-0303-041,PART,PART,*,*,10334#BCRTC,+,+
LDOC,37824,C00-03-0303-042,PART,PART,*,*,10333#BCRTC,+,+
LDOC,37825,C00-03-0303-043,PART,PART,*,*,10332#BCRTC,+,+
LDOC,37826,C00-03-0303-044,PART,PART,*,*,10401#BCRTC,+,+
LDOC,37827,C00-03-0303-045,PART,PART,*,*,10402#BCRTC,+,+
LDOC,37828,C00-03-0303-046,PART,PART,*,*,10408#BCRTC,+,+
LDOC,37829,C00-03-0303-047,PART,PART,*,*,10419#BCRTC,+,+
LDOC,37830,C00-03-0303-048,PART,PART,*,*,10431#BCRTC,+,+
LDOC,37831,C00-03-0303-049,PART,PART,*,*,10473#BCRTC,+,+
LDOC,37832,C00-03-0303-050,PART,PART,*,*,10475#BCRTC,+,+
LDOC,37833,C00-03-0303-051,PART,PART,*,*,10535#BCRTC,+,+
LDOC,37834,C00-03-0303-052,PART,PART,*,*,10571#BCRTC,+,+
LDOC,37835,C00-03-0303-053,PART,PART,*,*,10572#BCRTC,+,+
LDOC,37836,C00-03-0303-054,PART,PART,*,*,10569#BCRTC,+,+
LDOC,37837,C00-03-0303-055,PART,PART,*,*,10581#BCRTC,+,+
LDOC,37838,C00-03-0303-056,PART,PART,*,*,10834#BCRTC,+,+
LDOC,37839,C00-03-0303-057,PART,PART,*,*,10835#BCRTC,+,+
LDOC,37840,C00-03-0303-058,PART,PART,*,*,10836#BCRTC,+,+
LDOC,37841,C00-03-0303-059,PART,PART,*,*,12491#BCRTC,+,+
LDOC,37842,C00-03-0303-060,PART,PART,*,*,12840#BCRTC,+,+
LDOC,37843,C00-03-0303-061,PART,PART,*,*,13100#BCRTC,+,+
LDOC,37844,C00-03-0303-062,PART,PART,*,*,13101#BCRTC,+,+
LDOC,37845,C00-03-0303-063,PART,PART,*,*,13102#BCRTC,+,+
LDOC,37846,C00-03-0303-064,PART,PART,*,*,13969#BCRTC,+,+
LDOC,37847,C00-03-0303-065,PART,PART,*,*,14057#BCRTC,+,+
LDOC,37848,C00-03-0303-066,PART,PART,*,*,14214#BCRTC,+,+
LDOC,37849,C00-03-0303-067,PART,PART,*,*,14726#BCRTC,+,+
LDOC,37850,C00-03-0303-068,PART,PART,*,*,14555#BCRTC,+,+
LDOC,37851,C00-03-0303-069,PART,PART,*,*,14875#BCRTC,+,+
LDOC,37852,C00-03-0303-070,PART,PART,*,*,15627#BCRTC,+,+
LDOC,37853,C00-03-0303-071,PART,PART,*,*,15626#BCRTC,+,+
LDOC,37854,C00-03-0303-073,PART,PART,*,*,15628#BCRTC,+,+
LDOC,37855,C00-03-0303-074,PART,PART,*,*,15629#BCRTC,+,+
LDOC,37856,C00-03-0303-075,PART,PART,*,*,15630#BCRTC,+,+
LDOC,37857,C00-03-0303-076,PART,PART,*,*,15631#BCRTC,+,+
LDOC,37858,C00-03-0303-077,PART,PART,*,*,15632#BCRTC,+,+
LDOC,37859,C00-03-0303-078,PART,PART,*,*,15633#BCRTC,+,+
LDOC,37860,C00-03-0303-079,PART,PART,*,*,15634#BCRTC,+,+
LDOC,37861,C00-03-0303-080,PART,PART,*,*,15635#BCRTC,+,+
LDOC,37862,C00-03-0303-081,PART,PART,*,*,15636#BCRTC,+,+
LDOC,37863,C00-03-0303-082,PART,PART,*,*,15637#BCRTC,+,+
LDOC,37864,C00-03-0303-083,PART,PART,*,*,15638#BCRTC,+,+
LDOC,37865,C00-03-0303-084,PART,PART,*,*,15639#BCRTC,+,+
LDOC,37866,C00-03-0303-085,PART,PART,*,*,15640#BCRTC,+,+
LDOC,37867,C00-03-0303-086,PART,PART,*,*,15641#BCRTC,+,+
LDOC,37868,C00-03-0303-087,PART,PART,*,*,15642#BCRTC,+,+
LDOC,37869,C00-03-0303-088,PART,PART,*,*,15643#BCRTC,+,+
LDOC,37870,E04-90-0590-001,PART,PART,*,*,9330#BCRTC,+,+
LDOC,37871,E04-90-0590-002,PART,PART,*,*,9389#BCRTC,+,+
LDOC,37872,E04-90-0590-003,PART,PART,*,*,9636#BCRTC,+,+
LDOC,37873,E04-90-0590-004,PART,PART,*,*,10325#BCRTC,+,+
LDOC,37874,E04-90-0590-005,PART,PART,*,*,10775#BCRTC,+,+
LDOC,37875,E04-90-0590-007,PART,PART,*,*,11833#BCRTC,+,+
LDOC,37876,E04-90-0590-008,PART,PART,*,*,12035#BCRTC,+,+
LDOC,37877,E04-90-0590-009,PART,PART,*,*,12034#BCRTC,+,+
LDOC,37878,E04-90-0590-010,PART,PART,*,*,12022#BCRTC,+,+
LDOC,37879,E04-90-0590-012,PART,PART,*,*,12317#BCRTC,+,+
LDOC,37880,E04-90-0590-013,PART,PART,*,*,12459#BCRTC,+,+
LDOC,37881,E04-90-0590-015,PART,PART,*,*,13927#BCRTC,+,+
LDOC,37882,E04-90-0590-016,PART,PART,*,*,13928#BCRTC,+,+
LDOC,37883,E04-90-0590-017,PART,PART,*,*,13966#BCRTC,+,+
LDOC,37884,E04-90-0590-018,PART,PART,*,*,14020#BCRTC,+,+
LDOC,37885,E04-90-0590-021,PART,PART,*,*,14268#BCRTC,+,+
LDOC,37886,E04-90-0590-022,PART,PART,*,*,14429#BCRTC,+,+
LDOC,37887,E04-90-0590-023,PART,PART,*,*,14495#BCRTC,+,+
LDOC,37888,E04-90-0590-024,PART,PART,*,*,14556#BCRTC,+,+
LDOC,37889,E04-90-0590-025,PART,PART,*,*,14645#BCRTC,+,+
LDOC,37890,E04-90-0590-026,PART,PART,*,*,14646#BCRTC,+,+
LDOC,37891,E04-90-0590-027,PART,PART,*,*,14765#BCRTC,+,+
LDOC,37892,E04-90-0590-028,PART,PART,*,*,14768#BCRTC,+,+
LDOC,37893,E04-90-0590-070,PART,PART,*,*,3599#BCRTC,+,+
LDOC,37894,E04-90-0590-072,PART,PART,*,*,3600#BCRTC,+,+
LDOC,37895,E04-90-0590-085,PART,PART,*,*,3601#BCRTC,+,+
LDOC,37896,E04-90-0590-097,PART,PART,*,*,6252#BCRTC,+,+
LDOC,37897,E04-90-0590-098,PART,PART,*,*,6253#BCRTC,+,+
LDOC,37898,E04-90-0590-099,PART,PART,*,*,6254#BCRTC,+,+
LDOC,37899,E04-90-0590-100,PART,PART,*,*,6658#BCRTC,+,+
LDOC,37900,E04-90-0590-110,PART,PART,*,*,3605#BCRTC,+,+
LDOC,37901,E04-90-0590-140,PART,PART,*,*,3607#BCRTC,+,+
LDOC,37902,E04-90-0590-150,PART,PART,*,*,3608#BCRTC,+,+
LDOC,37903,E04-90-0590-165,PART,PART,*,*,3609#BCRTC,+,+
LDOC,37904,E04-90-0590-170,PART,PART,*,*,3610#BCRTC,+,+
LDOC,37905,E04-90-0590-172,PART,PART,*,*,3611#BCRTC,+,+
LDOC,37906,E04-90-0590-350,PART,PART,*,*,3613#BCRTC,+,+
LDOC,37907,E04-90-0590-400,PART,PART,*,*,3617#BCRTC,+,+
LDOC,37908,E04-90-0590-500,PART,PART,*,*,3618#BCRTC,+,+
LDOC,37909,E04-90-0590-510,PART,PART,*,*,3619#BCRTC,+,+
LDOC,37910,E04-90-0590-675,PART,PART,*,*,3623#BCRTC,+,+
LDOC,37911,E04-90-0590-690,PART,PART,*,*,3624#BCRTC,+,+
LDOC,37912,E04-90-0590-702,PART,PART,*,*,3626#BCRTC,+,+
LDOC,37913,E04-90-0590-706,PART,PART,*,*,3628#BCRTC,+,+
LDOC,37914,E04-90-0590-708,PART,PART,*,*,3629#BCRTC,+,+
LDOC,37915,E04-90-0590-710,PART,PART,*,*,3630#BCRTC,+,+
LDOC,37916,E04-90-0590-712,PART,PART,*,*,3631#BCRTC,+,+
LDOC,37917,E04-90-0590-713,PART,PART,*,*,6499#BCRTC,+,+
LDOC,37918,E04-90-0590-725,PART,PART,*,*,3634#BCRTC,+,+
LDOC,37919,E04-90-0590-727,PART,PART,*,*,3635#BCRTC,+,+
LDOC,37920,E04-90-0590-728,PART,PART,*,*,3636#BCRTC,+,+
LDOC,37921,E04-90-0590-740,PART,PART,*,*,3637#BCRTC,+,+
LDOC,37922,E04-90-0590-755,PART,PART,*,*,3638#BCRTC,+,+
LDOC,37923,E04-90-0590-800,PART,PART,*,*,3639#BCRTC,+,+
LDOC,37924,E04-90-0590-802,PART,PART,*,*,3640#BCRTC,+,+
LDOC,37925,E04-90-0590-804,PART,PART,*,*,3641#BCRTC,+,+
LDOC,37926,E04-90-0590-805,PART,PART,*,*,6776#BCRTC,+,+
LDOC,37927,E04-90-0590-880,PART,PART,*,*,3642#BCRTC,+,+
LDOC,37928,E04-90-0590-882,PART,PART,*,*,3643#BCRTC,+,+
LDOC,37929,E04-90-0590-900,PART,PART,*,*,3644#BCRTC,+,+
LDOC,37930,E04-90-2836-411,PART,PART,*,*,3645#BCRTC,+,+
LDOC,37931,E04-90-2838-450,PART,PART,*,*,3646#BCRTC,+,+
LDOC,37932,E04-90-2850-850,PART,PART,*,*,3647#BCRTC,+,+
LDOC,37933,E04-90-4350-900,PART,PART,*,*,3648#BCRTC,+,+
LDOC,37935,E04-90-5210-705,PART,PART,*,*,3649#BCRTC,+,+
LDOC,37936,E04-91-0591-001,PART,PART,*,*,11998#BCRTC,+,+
LDOC,37937,E04-91-0591-002,PART,PART,*,*,11999#BCRTC,+,+
LDOC,37938,E04-91-0591-003,PART,PART,*,*,12000#BCRTC,+,+
LDOC,37939,E04-91-0591-004,PART,PART,*,*,12001#BCRTC,+,+
LDOC,37940,E04-91-0591-005,PART,PART,*,*,12002#BCRTC,+,+
LDOC,37941,E04-91-0591-006,PART,PART,*,*,12003#BCRTC,+,+
LDOC,37942,E04-91-0591-007,PART,PART,*,*,12004#BCRTC,+,+
LDOC,37943,E04-91-0591-008,PART,PART,*,*,12005#BCRTC,+,+
LDOC,37944,E04-91-0591-009,PART,PART,*,*,12006#BCRTC,+,+
LDOC,37945,E04-91-0591-010,PART,PART,*,*,11993#BCRTC,+,+
LDOC,37946,E04-91-0591-011,PART,PART,*,*,11994#BCRTC,+,+
LDOC,37947,E04-91-0591-012,PART,PART,*,*,11995#BCRTC,+,+
LDOC,37948,E04-91-0591-013,PART,PART,*,*,11996#BCRTC,+,+
LDOC,37949,E04-91-0591-014,PART,PART,*,*,11997#BCRTC,+,+
LDOC,37950,E04-91-0591-015,PART,PART,*,*,11992#BCRTC,+,+
LDOC,37951,E04-91-0591-016,PART,PART,*,*,12007#BCRTC,+,+
LDOC,37952,E04-91-0591-017,PART,PART,*,*,12008#BCRTC,+,+
LDOC,37953,E04-91-0591-018,PART,PART,*,*,12009#BCRTC,+,+
LDOC,37954,E04-91-0591-019,PART,PART,*,*,12010#BCRTC,+,+
LDOC,37955,E04-91-0591-022,PART,PART,*,*,12013#BCRTC,+,+
LDOC,37956,E04-91-0591-024,PART,PART,*,*,12015#BCRTC,+,+
LDOC,37957,E04-91-0591-025,PART,PART,*,*,12016#BCRTC,+,+
LDOC,37958,E04-91-0591-027,PART,PART,*,*,12018#BCRTC,+,+
LDOC,37959,E04-91-0591-031,PART,PART,*,*,12460#BCRTC,+,+
LDOC,37960,E04-91-0591-032,PART,PART,*,*,12881#BCRTC,+,+
LDOC,37961,E04-91-0591-033,PART,PART,*,*,12882#BCRTC,+,+
LDOC,37962,E04-91-0591-034,PART,PART,*,*,12883#BCRTC,+,+
LDOC,37963,E04-91-0591-035,PART,PART,*,*,12884#BCRTC,+,+
LDOC,37964,E04-91-0591-036,PART,PART,*,*,12885#BCRTC,+,+
LDOC,37965,E04-91-0591-037,PART,PART,*,*,12886#BCRTC,+,+
LDOC,37966,E04-91-0591-038,PART,PART,*,*,12887#BCRTC,+,+
LDOC,37967,E04-91-0591-039,PART,PART,*,*,12888#BCRTC,+,+
LDOC,37968,E04-91-0591-040,PART,PART,*,*,12889#BCRTC,+,+
LDOC,37969,E04-91-0591-041,PART,PART,*,*,12890#BCRTC,+,+
LDOC,37970,E04-91-0591-043,PART,PART,*,*,12892#BCRTC,+,+
LDOC,37971,E04-91-0591-045,PART,PART,*,*,12894#BCRTC,+,+
LDOC,37972,E04-91-0591-046,PART,PART,*,*,12914#BCRTC,+,+
LDOC,37973,E04-91-0591-047,PART,PART,*,*,12946#BCRTC,+,+
LDOC,37974,E04-91-0591-048,PART,PART,*,*,12945#BCRTC,+,+
LDOC,37975,E04-91-0591-049,PART,PART,*,*,12944#BCRTC,+,+
LDOC,37976,E04-91-0591-052,PART,PART,*,*,12941#BCRTC,+,+
LDOC,37977,E04-91-0591-054,PART,PART,*,*,12939#BCRTC,+,+
LDOC,37978,E04-91-0591-055,PART,PART,*,*,12938#BCRTC,+,+
LDOC,37979,E04-91-0591-056,PART,PART,*,*,12937#BCRTC,+,+
LDOC,37980,E04-91-0591-058,PART,PART,*,*,12972#BCRTC,+,+
LDOC,37981,E04-91-0591-059,PART,PART,*,*,12976#BCRTC,+,+
LDOC,37982,E04-91-0591-060,PART,PART,*,*,12975#BCRTC,+,+
LDOC,37983,E04-91-0591-061,PART,PART,*,*,12974#BCRTC,+,+
LDOC,37984,E04-91-0591-062,PART,PART,*,*,12973#BCRTC,+,+
LDOC,37985,E04-91-0591-063,PART,PART,*,*,12971#BCRTC,+,+
LDOC,37986,E04-91-0591-067,PART,PART,*,*,14092#BCRTC,+,+
LDOC,37987,E04-91-0591-069,PART,PART,*,*,14094#BCRTC,+,+
LDOC,37988,E04-91-0591-070,PART,PART,*,*,14095#BCRTC,+,+
LDOC,37989,E04-91-0591-071,PART,PART,*,*,14096#BCRTC,+,+
LDOC,37990,E04-91-0591-072,PART,PART,*,*,14267#BCRTC,+,+
LDOC,37991,E04-91-0591-073,PART,PART,*,*,14266#BCRTC,+,+
LDOC,37992,E04-91-0591-074,PART,PART,*,*,14265#BCRTC,+,+
LDOC,37993,E04-91-0591-075,PART,PART,*,*,14264#BCRTC,+,+
LDOC,37994,E04-91-0591-076,PART,PART,*,*,14263#BCRTC,+,+
LDOC,37995,E04-91-0591-077,PART,PART,*,*,14262#BCRTC,+,+
LDOC,37996,E04-91-0591-078,PART,PART,*,*,14260#BCRTC,+,+
LDOC,37997,E04-91-0591-079,PART,PART,*,*,14261#BCRTC,+,+
LDOC,37998,E04-91-0591-080,PART,PART,*,*,14259#BCRTC,+,+
LDOC,37999,E04-92-0592-001,PART,PART,*,*,6933#BCRTC,+,+
LDOC,38000,E04-92-0592-002,PART,PART,*,*,7119#BCRTC,+,+
LDOC,38001,E04-92-0592-007,PART,PART,*,*,9161#BCRTC,+,+
LDOC,38002,E04-92-0592-008,PART,PART,*,*,9160#BCRTC,+,+
LDOC,38003,E04-92-0592-009,PART,PART,*,*,9159#BCRTC,+,+
LDOC,38004,E04-92-0592-010,PART,PART,*,*,9158#BCRTC,+,+
LDOC,38005,E04-92-0592-013,PART,PART,*,*,9306#BCRTC,+,+
LDOC,38006,E04-92-0592-015,PART,PART,*,*,9308#BCRTC,+,+
LDOC,38007,E04-92-0592-016,PART,PART,*,*,9309#BCRTC,+,+
LDOC,38008,E04-92-0592-017,PART,PART,*,*,9310#BCRTC,+,+
LDOC,38009,E04-92-0592-018,PART,PART,*,*,9311#BCRTC,+,+
LDOC,38010,E04-92-0592-020,PART,PART,*,*,3650#BCRTC,+,+
LDOC,38011,E04-92-0592-026,PART,PART,*,*,9945#BCRTC,+,+
LDOC,38012,E04-92-0592-027,PART,PART,*,*,10087#BCRTC,+,+
LDOC,38013,E04-92-0592-029,PART,PART,*,*,10113#BCRTC,+,+
LDOC,38014,E04-92-0592-034,PART,PART,*,*,10544#BCRTC,+,+
LDOC,38015,E04-92-0592-035,PART,PART,*,*,10579#BCRTC,+,+
LDOC,38016,E04-92-0592-036,PART,PART,*,*,10601#BCRTC,+,+
LDOC,38017,E04-92-0592-037,PART,PART,*,*,12147#BCRTC,+,+
LDOC,38018,E04-92-0592-038,PART,PART,*,*,12148#BCRTC,+,+
LDOC,38019,E04-92-0592-039,PART,PART,*,*,12149#BCRTC,+,+
LDOC,38020,E04-92-0592-040,PART,PART,*,*,3651#BCRTC,+,+
LDOC,38021,E04-92-0592-041,PART,PART,*,*,12150#BCRTC,+,+
LDOC,38022,E04-92-0592-042,PART,PART,*,*,3652#BCRTC,+,+
LDOC,38023,E04-92-0592-043,PART,PART,*,*,12151#BCRTC,+,+
LDOC,38024,E04-92-0592-044,PART,PART,*,*,12298#BCRTC,+,+
LDOC,38025,E04-92-0592-045,PART,PART,*,*,12346#BCRTC,+,+
LDOC,38026,E04-92-0592-047,PART,PART,*,*,12363#BCRTC,+,+
LDOC,38027,E04-92-0592-048,PART,PART,*,*,12362#BCRTC,+,+
LDOC,38028,E04-92-0592-049,PART,PART,*,*,12361#BCRTC,+,+
LDOC,38029,E04-92-0592-050,PART,PART,*,*,3653#BCRTC,+,+
LDOC,38030,E04-92-0592-051,PART,PART,*,*,12801#BCRTC,+,+
LDOC,38031,E04-92-0592-052,PART,PART,*,*,13797#BCRTC,+,+
LDOC,38032,E04-92-0592-055,PART,PART,*,*,13858#BCRTC,+,+
LDOC,38033,E04-92-0592-056,PART,PART,*,*,13873#BCRTC,+,+
LDOC,38034,E04-92-0592-057,PART,PART,*,*,13902#BCRTC,+,+
LDOC,38035,E04-92-0592-058,PART,PART,*,*,6662#BCRTC,+,+
LDOC,38036,E04-92-0592-059,PART,PART,*,*,13905#BCRTC,+,+
LDOC,38037,E04-92-0592-060,PART,PART,*,*,3654#BCRTC,+,+
LDOC,38038,E04-92-0592-062,PART,PART,*,*,13907#BCRTC,+,+
LDOC,38039,E04-92-0592-063,PART,PART,*,*,13908#BCRTC,+,+
LDOC,38040,E04-92-0592-064,PART,PART,*,*,13926#BCRTC,+,+
LDOC,38041,E04-92-0592-065,PART,PART,*,*,13929#BCRTC,+,+
LDOC,38042,E04-92-0592-066,PART,PART,*,*,13940#BCRTC,+,+
LDOC,38043,E04-92-0592-067,PART,PART,*,*,12465#BCRTC,+,+
LDOC,38044,E04-92-0592-069,PART,PART,*,*,14003#BCRTC,+,+
LDOC,38045,E04-92-0592-070,PART,PART,*,*,14002#BCRTC,+,+
LDOC,38046,E04-92-0592-071,PART,PART,*,*,14004#BCRTC,+,+
LDOC,38047,E04-92-0592-073,PART,PART,*,*,14047#BCRTC,+,+
LDOC,38048,E04-92-0592-074,PART,PART,*,*,14090#BCRTC,+,+
LDOC,38049,E04-92-0592-075,PART,PART,*,*,3655#BCRTC,+,+
LDOC,38050,E04-92-0592-077,PART,PART,*,*,3656#BCRTC,+,+
LDOC,38051,E04-92-0592-078,PART,PART,*,*,14190#BCRTC,+,+
LDOC,38052,E04-92-0592-080,PART,PART,*,*,14250#BCRTC,+,+
LDOC,38053,E04-92-0592-081,PART,PART,*,*,14246#BCRTC,+,+
LDOC,38054,E04-92-0592-082,PART,PART,*,*,14297#BCRTC,+,+
LDOC,38055,E04-92-0592-083,PART,PART,*,*,14306#BCRTC,+,+
LDOC,38056,E04-92-0592-085,PART,PART,*,*,14320#BCRTC,+,+
LDOC,38057,E04-92-0592-088,PART,PART,*,*,14317#BCRTC,+,+
LDOC,38058,E04-92-0592-089,PART,PART,*,*,14322#BCRTC,+,+
LDOC,38059,E04-92-0592-090,PART,PART,*,*,14375#BCRTC,+,+
LDOC,38060,E04-92-0592-092,PART,PART,*,*,14430#BCRTC,+,+
LDOC,38061,E04-92-0592-093,PART,PART,*,*,14431#BCRTC,+,+
LDOC,38062,E04-92-0592-095,PART,PART,*,*,14432#BCRTC,+,+
LDOC,38063,E04-92-0592-096,PART,PART,*,*,14433#BCRTC,+,+
LDOC,38064,E04-92-0592-097,PART,PART,*,*,14434#BCRTC,+,+
LDOC,38065,E04-92-0592-098,PART,PART,*,*,14448#BCRTC,+,+
LDOC,38066,E04-92-0592-099,PART,PART,*,*,14449#BCRTC,+,+
LDOC,38067,E04-92-0592-100,PART,PART,*,*,3657#BCRTC,+,+
LDOC,38068,E04-92-0592-101,PART,PART,*,*,14450#BCRTC,+,+
LDOC,38069,E04-92-0592-102,PART,PART,*,*,14451#BCRTC,+,+
LDOC,38070,E04-92-0592-103,PART,PART,*,*,14452#BCRTC,+,+
LDOC,38071,E04-92-0592-104,PART,PART,*,*,14554#BCRTC,+,+
LDOC,38072,E04-92-0592-105,PART,PART,*,*,14566#BCRTC,+,+
LDOC,38073,E04-92-0592-106,PART,PART,*,*,14583#BCRTC,+,+
LDOC,38074,E04-92-0592-107,PART,PART,*,*,14621#BCRTC,+,+
LDOC,38075,E04-92-0592-108,PART,PART,*,*,14620#BCRTC,+,+
LDOC,38076,E04-92-0592-109,PART,PART,*,*,14619#BCRTC,+,+
LDOC,38077,E04-92-0592-111,PART,PART,*,*,14657#BCRTC,+,+
LDOC,38078,E04-92-0592-112,PART,PART,*,*,14659#BCRTC,+,+
LDOC,38079,E04-92-0592-113,PART,PART,*,*,14658#BCRTC,+,+
LDOC,38080,E04-92-0592-114,PART,PART,*,*,14722#BCRTC,+,+
LDOC,38081,E04-92-0592-115,PART,PART,*,*,3659#BCRTC,+,+
LDOC,38082,E04-92-0592-116,PART,PART,*,*,14721#BCRTC,+,+
LDOC,38083,E04-92-0592-118,PART,PART,*,*,14879#BCRTC,+,+
LDOC,38084,E04-92-0592-150,PART,PART,*,*,3660#BCRTC,+,+
LDOC,38085,E04-92-0592-160,PART,PART,*,*,3661#BCRTC,+,+
LDOC,38086,E04-92-0592-175,PART,PART,*,*,3662#BCRTC,+,+
LDOC,38087,E04-92-0592-240,PART,PART,*,*,3664#BCRTC,+,+
LDOC,38088,E04-92-0592-480,PART,PART,*,*,3665#BCRTC,+,+
LDOC,38089,E04-92-0592-542,PART,PART,*,*,3669#BCRTC,+,+
LDOC,38090,E04-92-0592-632,PART,PART,*,*,3671#BCRTC,+,+
LDOC,38091,E04-92-0592-633,PART,PART,*,*,3672#BCRTC,+,+
LDOC,38092,E04-92-0592-710,PART,PART,*,*,3673#BCRTC,+,+
LDOC,38093,E04-92-0592-715,PART,PART,*,*,3674#BCRTC,+,+
LDOC,38094,E04-92-0592-720,PART,PART,*,*,3675#BCRTC,+,+
LDOC,38095,E04-92-0592-725,PART,PART,*,*,3676#BCRTC,+,+
LDOC,38096,E04-92-0592-730,PART,PART,*,*,3677#BCRTC,+,+
LDOC,38097,E04-92-0592-735,PART,PART,*,*,3678#BCRTC,+,+
LDOC,38098,E04-92-0592-800,PART,PART,*,*,3679#BCRTC,+,+
LDOC,38099,E04-92-0592-820,PART,PART,*,*,3680#BCRTC,+,+
LDOC,38100,E04-92-0592-837,PART,PART,*,*,3681#BCRTC,+,+
LDOC,38101,E04-92-0592-839,PART,PART,*,*,3682#BCRTC,+,+
LDOC,38102,E04-92-0592-840,PART,PART,*,*,3683#BCRTC,+,+
LDOC,38103,E04-92-0592-850,PART,PART,*,*,3684#BCRTC,+,+
LDOC,38104,E04-92-0592-875,PART,PART,*,*,3685#BCRTC,+,+
LDOC,38105,E04-92-0592-880,PART,PART,*,*,3686#BCRTC,+,+
LDOC,38106,E04-92-0592-900,PART,PART,*,*,3687#BCRTC,+,+
LDOC,38107,E04-92-0592-910,PART,PART,*,*,3689#BCRTC,+,+
LDOC,38108,E04-92-0592-912,PART,PART,*,*,3690#BCRTC,+,+
LDOC,38109,E04-92-0592-940,PART,PART,*,*,3691#BCRTC,+,+
LDOC,38110,E04-92-0592-942,PART,PART,*,*,3692#BCRTC,+,+
LDOC,38111,E04-92-0592-950,PART,PART,*,*,3693#BCRTC,+,+
LDOC,38112,E04-92-0592-960,PART,PART,*,*,3694#BCRTC,+,+
LDOC,38113,E04-92-0592-975,PART,PART,*,*,3696#BCRTC,+,+
LDOC,38114,E04-92-0592-977,PART,PART,*,*,3697#BCRTC,+,+
LDOC,38115,E04-92-0592-978,PART,PART,*,*,3698#BCRTC,+,+
LDOC,38116,E04-92-0592-979,PART,PART,*,*,6237#BCRTC,+,+
LDOC,38117,E04-92-4057-600,PART,PART,*,*,3701#BCRTC,+,+
LDOC,38118,E04-92-4057-606,PART,PART,*,*,3702#BCRTC,+,+
LDOC,38119,E04-92-4057-611,PART,PART,*,*,3703#BCRTC,+,+
LDOC,38120,E04-93-0593-003,PART,PART,*,*,14044#BCRTC,+,+
LDOC,38121,E04-95-0595-001,PART,PART,*,*,6834#BCRTC,+,+
LDOC,38122,E04-95-0595-005,PART,PART,*,*,9101#BCRTC,+,+
LDOC,38123,E04-95-0595-007,PART,PART,*,*,9390#BCRTC,+,+
LDOC,38124,E04-95-0595-020,PART,PART,*,*,6686#BCRTC,+,+
LDOC,38125,E04-95-0595-027,PART,PART,*,*,6689#BCRTC,+,+
LDOC,38126,E04-95-0595-035,PART,PART,*,*,6690#BCRTC,+,+
LDOC,38127,E04-95-0595-050,PART,PART,*,*,6663#BCRTC,+,+
LDOC,38128,E04-95-0595-051,PART,PART,*,*,6678#BCRTC,+,+
LDOC,38129,E04-95-0595-052,PART,PART,*,*,6679#BCRTC,+,+
LDOC,38130,E04-95-0595-053,PART,PART,*,*,6680#BCRTC,+,+
LDOC,38131,E04-95-0595-054,PART,PART,*,*,6664#BCRTC,+,+
LDOC,38132,E04-95-0595-055,PART,PART,*,*,6665#BCRTC,+,+
LDOC,38133,E04-95-0595-056,PART,PART,*,*,6666#BCRTC,+,+
LDOC,38134,E04-95-0595-057,PART,PART,*,*,6681#BCRTC,+,+
LDOC,38135,E04-95-0595-058,PART,PART,*,*,6682#BCRTC,+,+
LDOC,38136,E04-95-0595-059,PART,PART,*,*,6667#BCRTC,+,+
LDOC,38137,E04-95-0595-060,PART,PART,*,*,6683#BCRTC,+,+
LDOC,38138,E04-95-0595-061,PART,PART,*,*,6684#BCRTC,+,+
LDOC,38139,E04-95-0595-062,PART,PART,*,*,6685#BCRTC,+,+
LDOC,38140,E04-95-0595-242,PART,PART,*,*,6655#BCRTC,+,+
LDOC,38141,E04-95-0595-245,PART,PART,*,*,6652#BCRTC,+,+
LDOC,38142,E04-95-0595-250,PART,PART,*,*,6674#BCRTC,+,+
LDOC,38143,E04-95-0595-251,PART,PART,*,*,6675#BCRTC,+,+
LDOC,38144,E04-95-0595-252,PART,PART,*,*,6696#BCRTC,+,+
LDOC,38145,E04-95-0595-253,PART,PART,*,*,6676#BCRTC,+,+
LDOC,38146,E04-95-0595-300,PART,PART,*,*,6668#BCRTC,+,+
LDOC,38147,E04-95-0595-302,PART,PART,*,*,6695#BCRTC,+,+
LDOC,38148,E04-95-0595-304,PART,PART,*,*,6673#BCRTC,+,+
LDOC,38149,E04-95-0595-368,PART,PART,*,*,7238#BCRTC,+,+
LDOC,38150,E04-95-0595-369,PART,PART,*,*,9023#BCRTC,+,+
LDOC,38151,E04-95-0595-370,PART,PART,*,*,8824#BCRTC,+,+
LDOC,38152,E04-95-0595-372,PART,PART,*,*,8822#BCRTC,+,+
LDOC,38153,E04-95-0595-373,PART,PART,*,*,8823#BCRTC,+,+
LDOC,38154,E04-95-0595-374,PART,PART,*,*,9020#BCRTC,+,+
LDOC,38155,E04-95-0595-375,PART,PART,*,*,9019#BCRTC,+,+
LDOC,38156,E04-95-0595-376,PART,PART,*,*,9022#BCRTC,+,+
LDOC,38157,E04-95-0595-377,PART,PART,*,*,9018#BCRTC,+,+
LDOC,38158,E04-95-0595-378,PART,PART,*,*,9024#BCRTC,+,+
LDOC,38159,F00-06-0606-115,PART,PART,*,*,3704#BCRTC,+,+
LDOC,38160,F00-10-0610-001,PART,PART,*,*,9684#BCRTC,+,+
LDOC,38161,F00-10-0610-002,PART,PART,*,*,10580#BCRTC,+,+
LDOC,38162,F00-10-0610-317,PART,PART,*,*,3705#BCRTC,+,+
LDOC,38163,F00-16-0616-310,PART,PART,*,*,3712#BCRTC,+,+
LDOC,38164,F00-16-0616-330,PART,PART,*,*,3714#BCRTC,+,+
LDOC,38165,F00-16-0616-350,PART,PART,*,*,3716#BCRTC,+,+
LDOC,38166,F00-16-0616-376,PART,PART,*,*,3720#BCRTC,+,+
LDOC,38167,F00-16-0616-380,PART,PART,*,*,6275#BCRTC,+,+
LDOC,38168,F00-16-0616-520,PART,PART,*,*,3730#BCRTC,+,+
LDOC,38169,F00-16-0616-530,PART,PART,*,*,3731#BCRTC,+,+
LDOC,38170,F00-16-0616-859,PART,PART,*,*,3736#BCRTC,+,+
LDOC,38171,F00-16-0616-860,PART,PART,*,*,3737#BCRTC,+,+
LDOC,38172,F00-16-2850-200,PART,PART,*,*,6276#BCRTC,+,+
LDOC,38173,F00-17-0617-050,PART,PART,*,*,3738#BCRTC,+,+
LDOC,38174,F00-17-0617-096,PART,PART,*,*,3739#BCRTC,+,+
LDOC,38175,F00-17-0617-100,PART,PART,*,*,3740#BCRTC,+,+
LDOC,38176,F00-17-0617-102,PART,PART,*,*,3741#BCRTC,+,+
LDOC,38177,F00-17-0617-104,PART,PART,*,*,3742#BCRTC,+,+
LDOC,38178,F00-30-0630-155,PART,PART,*,*,3749#BCRTC,+,+
LDOC,38179,F00-31-0631-200,PART,PART,*,*,3750#BCRTC,+,+
LDOC,38180,F00-32-0632-040,PART,PART,*,*,3751#BCRTC,+,+
LDOC,38181,F00-32-0632-060,PART,PART,*,*,3752#BCRTC,+,+
LDOC,38182,F00-32-0632-061,PART,PART,*,*,3753#BCRTC,+,+
LDOC,38183,F00-32-0632-062,PART,PART,*,*,3754#BCRTC,+,+
LDOC,38184,F00-32-0632-064,PART,PART,*,*,3756#BCRTC,+,+
LDOC,38186,F00-32-0632-070,PART,PART,*,*,3757#BCRTC,+,+
LDOC,38187,F00-32-0632-092,PART,PART,*,*,3758#BCRTC,+,+
LDOC,38188,F00-32-0632-100,PART,PART,*,*,3759#BCRTC,+,+
LDOC,38189,F00-32-0632-165,PART,PART,*,*,3761#BCRTC,+,+
LDOC,38190,F00-32-0632-174,PART,PART,*,*,3762#BCRTC,+,+
LDOC,38191,F00-32-0632-180,PART,PART,*,*,3763#BCRTC,+,+
LDOC,38192,F00-32-0632-202,PART,PART,*,*,3764#BCRTC,+,+
LDOC,38193,F00-32-0632-290,PART,PART,*,*,11045#BCRTC,+,+
LDOC,38194,F00-32-0632-310,PART,PART,*,*,3765#BCRTC,+,+
LDOC,38195,F00-32-0632-345,PART,PART,*,*,3766#BCRTC,+,+
LDOC,38196,F00-32-0632-350,PART,PART,*,*,3767#BCRTC,+,+
LDOC,38197,F00-32-0632-370,PART,PART,*,*,3768#BCRTC,+,+
LDOC,38198,F00-32-0632-405,PART,PART,*,*,3769#BCRTC,+,+
LDOC,38199,F00-32-0632-415,PART,PART,*,*,3770#BCRTC,+,+
LDOC,38200,F00-32-0632-425,PART,PART,*,*,3771#BCRTC,+,+
LDOC,38201,F00-32-0632-455,PART,PART,*,*,3772#BCRTC,+,+
LDOC,38202,F00-32-0632-456,PART,PART,*,*,3773#BCRTC,+,+
LDOC,38203,F00-32-0632-457,PART,PART,*,*,3774#BCRTC,+,+
LDOC,38204,F00-32-0632-465,PART,PART,*,*,3775#BCRTC,+,+
LDOC,38205,F00-32-0632-480,PART,PART,*,*,3776#BCRTC,+,+
LDOC,38206,F00-32-0632-505,PART,PART,*,*,3777#BCRTC,+,+
LDOC,38207,F00-32-0632-578,PART,PART,*,*,3778#BCRTC,+,+
LDOC,38208,F00-32-0632-579,PART,PART,*,*,3779#BCRTC,+,+
LDOC,38209,F00-32-0632-590,PART,PART,*,*,3781#BCRTC,+,+
LDOC,38210,F00-32-0632-630,PART,PART,*,*,3782#BCRTC,+,+
LDOC,38211,F00-32-0632-631,PART,PART,*,*,3783#BCRTC,+,+
LDOC,38212,F00-32-0632-670,PART,PART,*,*,3784#BCRTC,+,+
LDOC,38213,F00-32-0632-755,PART,PART,*,*,3785#BCRTC,+,+
LDOC,38214,F00-32-0632-760,PART,PART,*,*,3786#BCRTC,+,+
LDOC,38215,F00-32-0632-765,PART,PART,*,*,3787#BCRTC,+,+
LDOC,38216,F00-32-0632-767,PART,PART,*,*,3789#BCRTC,+,+
LDOC,38217,F00-32-0632-768,PART,PART,*,*,3790#BCRTC,+,+
LDOC,38218,F00-32-0632-769,PART,PART,*,*,3791#BCRTC,+,+
LDOC,38219,F00-32-0632-770,PART,PART,*,*,3792#BCRTC,+,+
LDOC,38220,F00-32-0632-810,PART,PART,*,*,3793#BCRTC,+,+
LDOC,38221,F00-32-0632-820,PART,PART,*,*,3794#BCRTC,+,+
LDOC,38222,F00-32-0632-825,PART,PART,*,*,3795#BCRTC,+,+
LDOC,38223,F00-32-0632-827,PART,PART,*,*,3796#BCRTC,+,+
LDOC,38224,F00-32-0632-828,PART,PART,*,*,3797#BCRTC,+,+
LDOC,38225,F00-32-0632-853,PART,PART,*,*,3800#BCRTC,+,+
LDOC,38226,F00-32-0632-858,PART,PART,*,*,3801#BCRTC,+,+
LDOC,38227,F00-32-0632-870,PART,PART,*,*,3802#BCRTC,+,+
LDOC,38228,F00-32-0632-960,PART,PART,*,*,3803#BCRTC,+,+
LDOC,38229,F00-32-0632-961,PART,PART,*,*,3804#BCRTC,+,+
LDOC,38230,F00-32-0632-962,PART,PART,*,*,3805#BCRTC,+,+
LDOC,38231,F00-34-0634-100,PART,PART,*,*,3808#BCRTC,+,+
LDOC,38232,F00-34-0634-101,PART,PART,*,*,3809#BCRTC,+,+
LDOC,38233,F00-34-0634-402,PART,PART,*,*,3810#BCRTC,+,+
LDOC,38234,F00-34-0634-535,PART,PART,*,*,3812#BCRTC,+,+
LDOC,38235,F00-34-0634-618,PART,PART,*,*,3816#BCRTC,+,+
LDOC,38236,F00-35-0635-065,PART,PART,*,*,3817#BCRTC,+,+
LDOC,38237,F00-35-0635-066,PART,PART,*,*,3818#BCRTC,+,+
LDOC,38238,F00-35-0635-067,PART,PART,*,*,3819#BCRTC,+,+
LDOC,38239,F00-35-0635-068,PART,PART,*,*,3820#BCRTC,+,+
LDOC,38240,F00-35-0635-069,PART,PART,*,*,3821#BCRTC,+,+
LDOC,38241,F00-35-0635-315,PART,PART,*,*,3823#BCRTC,+,+
LDOC,38242,F00-35-0635-316,PART,PART,*,*,3824#BCRTC,+,+
LDOC,38243,F00-35-0635-317,PART,PART,*,*,3825#BCRTC,+,+
LDOC,38244,F00-35-0635-400,PART,PART,*,*,3826#BCRTC,+,+
LDOC,38245,F00-35-0635-630,PART,PART,*,*,3827#BCRTC,+,+
LDOC,38246,F00-40-0640-001,PART,PART,*,*,10838#BCRTC,+,+
LDOC,38247,F00-40-0640-002,PART,PART,*,*,10892#BCRTC,+,+
LDOC,38248,F00-40-0640-005,PART,PART,*,*,15540#BCRTC,+,+
LDOC,38249,F00-40-0640-045,PART,PART,*,*,3828#BCRTC,+,+
LDOC,38250,F00-40-0640-065,PART,PART,*,*,3829#BCRTC,+,+
LDOC,38251,F00-40-0640-067,PART,PART,*,*,3830#BCRTC,+,+
LDOC,38252,F00-40-0640-110,PART,PART,*,*,3831#BCRTC,+,+
LDOC,38253,F00-40-0640-316,PART,PART,*,*,3832#BCRTC,+,+
LDOC,38254,F00-40-0640-317,PART,PART,*,*,3833#BCRTC,+,+
LDOC,38255,F00-40-0640-320,PART,PART,*,*,3834#BCRTC,+,+
LDOC,38256,F00-40-0640-322,PART,PART,*,*,3835#BCRTC,+,+
LDOC,38257,F00-40-0640-400,PART,PART,*,*,3836#BCRTC,+,+
LDOC,38258,F00-40-0640-500,PART,PART,*,*,3838#BCRTC,+,+
LDOC,38259,F00-40-0640-730,PART,PART,*,*,3839#BCRTC,+,+
LDOC,38260,F00-40-0640-965,PART,PART,*,*,3840#BCRTC,+,+
LDOC,38261,F00-41-0641-001,PART,PART,*,*,7058#BCRTC,+,+
LDOC,38262,F00-41-0641-002,PART,PART,*,*,7059#BCRTC,+,+
LDOC,38263,F00-41-0641-003,PART,PART,*,*,7060#BCRTC,+,+
LDOC,38264,F00-42-0642-001,PART,PART,*,*,9785#BCRTC,+,+
LDOC,38265,F00-57-0657-002,PART,PART,*,*,7062#BCRTC,+,+
LDOC,38266,F00-57-0657-003,PART,PART,*,*,7113#BCRTC,+,+
LDOC,38267,F00-57-0657-004,PART,PART,*,*,7118#BCRTC,+,+
LDOC,38268,F00-57-0657-005,PART,PART,*,*,7114#BCRTC,+,+
LDOC,38269,F00-57-0657-006,PART,PART,*,*,7121#BCRTC,+,+
LDOC,38270,F00-58-0658-530,PART,PART,*,*,3842#BCRTC,+,+
LDOC,38271,F00-58-3733-200,PART,PART,*,*,3843#BCRTC,+,+
LDOC,38272,G07-87-0787-002,PART,PART,*,*,11053#BCRTC,+,+
