ppm_code,ppm_desc,ppo_object,ppo_meter,ppo_meterdue
MINOR-D:L381,MINOR INSPECTION,9748,8000,999901
MINOR-T:SR1027,MINOR INSPECTION,2273,8000,790667
MINOR-T:SR1293,MINOR INSPECTION,2545,8000,702377
MINOR-T:SR1030,MINOR INSPECTION,2540,8000,725927
MINOR-D:L301,MINOR INSPECTION,9616,8000,996280
MINOR-T:SR1030,MINOR INSPECTION,2518,8000,719978
MINOR-T:SR1027,MINOR INSPECTION,2207,8000,658966
MINOR-D:SR1095,MINOR INSPECTION,3321,8000,1201151
MINOR-D:L454,MINOR INSPECTION,9432,8000,836800
MINOR-D:L341,MINOR INSPECTION,9722,8000,973936
MINOR-D:SR1095,MINOR INSPECTION,3346,8000,1195397
MINOR-D:SR1123,MINOR INSPECTION,7504,8000,1276651
MINOR-D:L482,MINOR INSPECTION,9514,8000,810630
MINOR-D:SR1123,MINOR INSPECTION,7474,8000,1405303
MINOR-D:SR1178,MINOR INSPECTION,8112,8000,940581
MINOR-D:L454,MINOR INSPECTION,9436,8000,880190
MINOR-T:SR1293,MINOR INSPECTION,2554,8000,687538
MINOR-D:L341,MINOR INSPECTION,9725,8000,1007841
MINOR-D:J520,MINOR INSPECTION,19409,8000,529585
MINOR-D:1314A,MINOR INSPECTION,9282,8000,1449728
MINOR-T:SR1293,MINOR INSPECTION,2541,8000,649908
MINOR-D:SR1280,MINOR INSPECTION,8138,8000,874570
MINOR-D:L454,MINOR INSPECTION,9459,8000,690182
MINOR-D:SR1095,MINOR INSPECTION,3323,8000,1184372
MINOR-D:L341,MINOR INSPECTION,9711,8000,986570
MINOR-D:SR648,MINOR INSPECTION,7405,8000,1256971
MINOR-D:SR1095,MINOR INSPECTION,3353,8000,1080501
MINOR-T:SR1030,MINOR INSPECTION,2537,8000,714915
MINOR-D:L483,MINOR INSPECTION,9539,8000,840628
MINOR-D:L302,MINOR INSPECTION,9679,8000,1082026
MINOR-T:SR1027,MINOR INSPECTION,2286,8000,804700
MINOR-D:SR1123,MINOR INSPECTION,7473,8000,1375810
MINOR-D:L302,MINOR INSPECTION,9703,8000,1037140
MINOR-D:L454,MINOR INSPECTION,9442,8000,888878
MINOR-D:L302,MINOR INSPECTION,9686,8000,1030542
MINOR-T:SR1027,MINOR INSPECTION,2154,8000,780051
MINOR-T:SR1027,MINOR INSPECTION,2208,8000,821445
MINOR-D:L454,MINOR INSPECTION,9470,8000,925751
MINOR-D:SR1095,MINOR INSPECTION,3314,8000,1210930
MINOR-D:SR1095,MINOR INSPECTION,3330,8000,1203730
MINOR-D:L302,MINOR INSPECTION,9687,8000,912122
MINOR-D:SR1095,MINOR INSPECTION,3347,8000,1244739
MINOR-D:SR2021,MINOR INSPECTION,16126,8000,556351
MINOR-D:L381,MINOR INSPECTION,9777,8000,987652
MINOR-T:SR1030,MINOR INSPECTION,2511,8000,738361
MINOR-T:SR1293,MINOR INSPECTION,2560,8000,686966
MINOR-T:SR1027,MINOR INSPECTION,2266,8000,799614
MINOR-D:L301,MINOR INSPECTION,9613,8000,1005197
MINOR-T:SR1030,MINOR INSPECTION,2504,8000,725510
MINOR-T:SR1027,MINOR INSPECTION,2197,8000,804963
MINOR-D:L532,MINOR INSPECTION,9545,8000,860127
MINOR-D:L533,MINOR INSPECTION,9563,8000,862627
MINOR-D:L301,MINOR INSPECTION,9643,8000,980255
MINOR-D:L455,MINOR INSPECTION,9471,8000,821616
MINOR-D:SR1095,MINOR INSPECTION,3341,8000,1209071
MINOR-D:L454,MINOR INSPECTION,9409,8000,831682
MINOR-D:L482,MINOR INSPECTION,9501,8000,747504
MINOR-D:L482,MINOR INSPECTION,9510,8000,820904
MINOR-D:SR2021,MINOR INSPECTION,16111,8000,581514
MINOR-T:SR1027,MINOR INSPECTION,2119,8000,750881
MINOR-T:SR1027,MINOR INSPECTION,2196,8000,792800
MINOR-D:L382,MINOR INSPECTION,9791,8000,979970
MINOR-D:SR1280,MINOR INSPECTION,8154,8000,885377
MINOR-D:L301,MINOR INSPECTION,9638,8000,986890
MINOR-D:L302,MINOR INSPECTION,9667,8000,1000033
MINOR-D:L454,MINOR INSPECTION,9450,8000,867904
MINOR-D:L302,MINOR INSPECTION,9651,8000,972917
MINOR-D:1314A,MINOR INSPECTION,9278,8000,1587533
MINOR-T:SR1027,MINOR INSPECTION,2227,8000,802409
MINOR-D:SR2021,MINOR INSPECTION,16110,8000,589583
MINOR-D:L483,MINOR INSPECTION,9523,8000,854534
MINOR-T:SR1027,MINOR INSPECTION,2104,8000,776362
MINOR-T:SR1027,MINOR INSPECTION,2210,8000,801835
MINOR-D:L302,MINOR INSPECTION,9699,8000,922108
MINOR-T:SR1293,MINOR INSPECTION,2543,8000,709080
MINOR-D:L454,MINOR INSPECTION,9453,8000,899386
MINOR-T:SR1027,MINOR INSPECTION,2255,8000,790748
MINOR-D:L454,MINOR INSPECTION,9463,8000,893565
MINOR-D:L454,MINOR INSPECTION,9443,8000,912755
MINOR-T:SR1030,MINOR INSPECTION,2532,8000,709186
MINOR-T:SR1027,MINOR INSPECTION,2224,8000,784324
MINOR-D:L302,MINOR INSPECTION,9694,8000,1044820
MINOR-T:SR1027,MINOR INSPECTION,2172,8000,782400
MINOR-D:L454,MINOR INSPECTION,9448,8000,838347
MINOR-D:L454,MINOR INSPECTION,9427,8000,886065
MINOR-D:L455,MINOR INSPECTION,9486,8000,877407
MINOR-D:L301,MINOR INSPECTION,9646,8000,964703
MINOR-D:SR1178,MINOR INSPECTION,8114,8000,864666
MINOR-D:L455,MINOR INSPECTION,9475,8000,835336
MINOR-D:L381,MINOR INSPECTION,9749,8000,987357
MINOR-D:L302,MINOR INSPECTION,9666,8000,895137
MINOR-D:SR1123,MINOR INSPECTION,7462,8000,1377179
MINOR-D:SR1178,MINOR INSPECTION,8109,8000,1003885
MINOR-D:L380,MINOR INSPECTION,9726,8000,950856
MINOR-D:L341,MINOR INSPECTION,9724,8000,974367
MINOR-D:L482,MINOR INSPECTION,9499,8000,747056
MINOR-D:L301,MINOR INSPECTION,9648,8000,999720
MINOR-D:SR2743,MINOR INSPECTION,22004,8000,15679
MINOR-D:L301,MINOR INSPECTION,9625,8000,990458
MINOR-D:L302,MINOR INSPECTION,9669,8000,952286
MINOR-D:SR1123,MINOR INSPECTION,7490,8000,1348948
MINOR-T:SR1027,MINOR INSPECTION,2220,8000,810087
MINOR-D:L381,MINOR INSPECTION,9750,8000,995794
MINOR-D:L482,MINOR INSPECTION,9496,8000,855185
MINOR-T:SR1027,MINOR INSPECTION,2237,8000,739952
MINOR-T:SR1027,MINOR INSPECTION,2236,8000,807981
MINOR-D:L381,MINOR INSPECTION,9778,8000,954658
MINOR-T:SR985,MINOR INSPECTION,2501,8000,700851
MINOR-D:L302,MINOR INSPECTION,9690,8000,947799
MINOR-D:SR648,MINOR INSPECTION,7419,8000,1224513
MINOR-T:SR1030,MINOR INSPECTION,2525,8000,772762
MINOR-D:SR1123,MINOR INSPECTION,7479,8000,1387938
MINOR-D:L381,MINOR INSPECTION,9780,8000,981151
MINOR-T:SR1027,MINOR INSPECTION,2253,8000,761655
MINOR-D:SR1095,MINOR INSPECTION,3335,8000,1254390
MINOR-T:SR1027,MINOR INSPECTION,2238,8000,784124
MINOR-D:L341,MINOR INSPECTION,9723,8000,998978
MINOR-T:SR1027,MINOR INSPECTION,2190,8000,768912
MINOR-D:SR1095,MINOR INSPECTION,3339,8000,1246360
MINOR-D:L482,MINOR INSPECTION,9492,8000,832969
MINOR-T:SR1027,MINOR INSPECTION,2248,8000,804977
MINOR-D:L454,MINOR INSPECTION,9404,8000,819879
MINOR-D:L454,MINOR INSPECTION,9447,8000,879662
MINOR-D:SR1123,MINOR INSPECTION,7501,8000,1381687
MINOR-T:SR1293,MINOR INSPECTION,2568,8000,644820
MINOR-D:L454,MINOR INSPECTION,9410,8000,870567
MINOR-D:SR1123,MINOR INSPECTION,7466,8000,1381335
MINOR-D:SR1095,MINOR INSPECTION,3315,8000,1260650
MINOR-D:L454,MINOR INSPECTION,9419,8000,870713
MINOR-T:SR1027,MINOR INSPECTION,2180,8000,793072
MINOR-T:SR1027,MINOR INSPECTION,2245,8000,822366
MINOR-T:SR1027,MINOR INSPECTION,2195,8000,758564
MINOR-T:SR1027,MINOR INSPECTION,2124,8000,798326
MINOR-T:SR1293,MINOR INSPECTION,2556,8000,707542
MINOR-D:SR729,MINOR INSPECTION,7432,8000,1314284
MINOR-T:SR1027,MINOR INSPECTION,2179,8000,724590
MINOR-T:SR1027,MINOR INSPECTION,2178,8000,733238
MINOR-T:SR1027,MINOR INSPECTION,2121,8000,789546
MINOR-T:SR1030,MINOR INSPECTION,2510,8000,768101
MINOR-T:SR1293,MINOR INSPECTION,2542,8000,659515
MINOR-D:L454,MINOR INSPECTION,9439,8000,891522
MINOR-D:L533,MINOR INSPECTION,9564,8000,902996
MINOR-T:SR1293,MINOR INSPECTION,2558,8000,693115
MINOR-D:L454,MINOR INSPECTION,9435,8000,888110
MINOR-D:SR1280,MINOR INSPECTION,8132,8000,868701
MINOR-D:SR1993,MINOR INSPECTION,16042,8000,514694
MINOR-D:SR1867,MINOR INSPECTION,14025,8000,763300
MINOR-D:SR2065,MINOR INSPECTION,16211,8000,439815
MINOR-D:SR1993,MINOR INSPECTION,16050,8000,531868
MINOR-D:SR2065,MINOR INSPECTION,16210,8000,442265
MINOR-D:SR2065,MINOR INSPECTION,16223,8000,426410
MINOR-D:SR1993,MINOR INSPECTION,16043,8000,495379
MINOR-D:SR1867,MINOR INSPECTION,14041,8000,707946
MINOR-D:SR2021,MINOR INSPECTION,16117,8000,563220
MINOR-D:SR1867,MINOR INSPECTION,14029,8000,780539
MINOR-D:SR1993,MINOR INSPECTION,16041,8000,551140
MINOR-D:SR1993,MINOR INSPECTION,16020,8000,526611
MINOR-D:SR1867,MINOR INSPECTION,14032,8000,696366
MINOR-D:SR1867,MINOR INSPECTION,14003,8000,783914
MINOR-D:SR1867,MINOR INSPECTION,14023,8000,766903
MINOR-D:SR1993,MINOR INSPECTION,16023,8000,558713
MINOR-D:SR1993,MINOR INSPECTION,16015,8000,576620
MINOR-D:SR1867,MINOR INSPECTION,14045,8000,737284
MINOR-D:SR2065,MINOR INSPECTION,16205,8000,458534
MINOR-D:SR1993,MINOR INSPECTION,16013,8000,539535
MINOR-D:SR1993,MINOR INSPECTION,16033,8000,535256
MINOR-D:SR1993,MINOR INSPECTION,16024,8000,557394
MINOR-D:SR1993,MINOR INSPECTION,16022,8000,538537
MINOR-D:SR1993,MINOR INSPECTION,16045,8000,525098
MINOR-D:SR1867,MINOR INSPECTION,14009,8000,771449
MINOR-D:SR1993,MINOR INSPECTION,16034,8000,536467
MINOR-D:SR2299,MINOR INSPECTION,19042,8000,292282
MINOR-D:LB31,MINOR INSPECTION,18400,8000,294972
MINOR-D:SR2299,MINOR INSPECTION,19027,8000,280633
MINOR-D:L501,MINOR INSPECTION,21423,8000,137331
MINOR-D:SR2795,MINOR INSPECTION,24002,8000,8000
MINOR-D:SR2338,MINOR INSPECTION,19115,8000,395324
MINOR-D:SR2338,MINOR INSPECTION,19102,8000,413737
MINOR-D:SR2299,MINOR INSPECTION,19034,8000,295568
MINOR-D:SR2338,MINOR INSPECTION,19129,8000,360344
MINOR-D:SR2299,MINOR INSPECTION,19019,8000,312650
MINOR-D:SR2795,MINOR INSPECTION,24006,8000,8000
MINOR-D:SR2255,MINOR INSPECTION,18061,8000,257670
MINOR-D:SR2299,MINOR INSPECTION,19022,8000,256155
MINOR-D:LB32,MINOR INSPECTION,18452,8000,475805
MINOR-D:L501,MINOR INSPECTION,21416,8000,143685
MINOR-D:SR2299,MINOR INSPECTION,19030,8000,295878
MINOR-D:SR2743,MINOR INSPECTION,22006,8000,38684
MINOR-D:LB31,MINOR INSPECTION,18381,8000,311149
MINOR-D:SR2338,MINOR INSPECTION,19118,8000,394385
MINOR-D:SR2338,MINOR INSPECTION,19105,8000,400401
MINOR-D:LB31,MINOR INSPECTION,18335,8000,298490
MINOR-D:SR2299,MINOR INSPECTION,19003,8000,365894
MINOR-D:SR2743,MINOR INSPECTION,22014,8000,30839
MINOR-D:SR2299,MINOR INSPECTION,19006,8000,332272
MINOR-D:LB31,MINOR INSPECTION,18377,8000,291674
MINOR-D:L501,MINOR INSPECTION,21407,8000,208601
MINOR-D:SR2299,MINOR INSPECTION,19044,8000,294699
MINOR-D:SR2299,MINOR INSPECTION,19002,8000,360567
MINOR-D:SR2299,MINOR INSPECTION,19046,8000,265245
MINOR-D:SR2604,MINOR INSPECTION,21023,8000,125089
MINOR-D:SR2299,MINOR INSPECTION,19045,8000,287598
MINOR-D:LB31,MINOR INSPECTION,18328,8000,311960
MINOR-D:L501,MINOR INSPECTION,21424,8000,134287
MINOR-D:LB31,MINOR INSPECTION,18390,8000,296639
MINOR-D:J520,MINOR INSPECTION,19426,8000,529648
MINOR-D:SR2299,MINOR INSPECTION,19039,8000,265307
MINOR-D:L501,MINOR INSPECTION,21403,8000,163705
MINOR-D:SR2757,MINOR INSPECTION,23011,8000,8001
MINOR-D:SR2338,MINOR INSPECTION,19143,8000,325701
MINOR-D:SR2299,MINOR INSPECTION,19013,8000,314458
MINOR-D:LB31,MINOR INSPECTION,18398,8000,303034
MINOR-D:SR2338,MINOR INSPECTION,19131,8000,403406
MINOR-D:SR2338,MINOR INSPECTION,19122,8000,382745
MINOR-D:L501,MINOR INSPECTION,21415,8000,151455
MINOR-D:SR2255,MINOR INSPECTION,18032,8000,343584
MINOR-D:SR2338,MINOR INSPECTION,19136,8000,377416
MINOR-D:LB31,MINOR INSPECTION,18305,8000,283161
MINOR-D:SR2338,MINOR INSPECTION,19127,8000,387502
MINOR-D:SR2795,MINOR INSPECTION,24009,8000,8000
MINOR-D:SR2757,MINOR INSPECTION,23009,8000,15698
MINOR-T:SR1030,MINOR INSPECTION,2502,8000,700977
MINOR-D:SR2757,MINOR INSPECTION,23001,8000,23117
MINOR-D:LB31,MINOR INSPECTION,18308,8000,278089
MINOR-D:L341,MINOR INSPECTION,9718,8000,976301
MINOR-T:SR1027,MINOR INSPECTION,2126,8000,716922
MINOR-D:SR2757,MINOR INSPECTION,23014,8000,30760
MINOR-D:SR2021,MINOR INSPECTION,16139,8000,162679
MINOR-D:SR1659,MINOR INSPECTION,12010,8000,684531
MINOR-D:L533C,MINOR INSPECTION,9555,8000,918029
MINOR-D:SR1280,MINOR INSPECTION,8153,8000,885647
MINOR-T:SR1027,MINOR INSPECTION,2272,8000,767799
MINOR-D:L534,MINOR INSPECTION,9579,8000,844612
MINOR-D:1314A,MINOR INSPECTION,9279,8000,1531131
MINOR-D:L533C,MINOR INSPECTION,9553,8000,885397
MINOR-D:J520,MINOR INSPECTION,19405,8000,548813
MINOR-D:SR1659,MINOR INSPECTION,12001,8000,639754
MINOR-T:SR1027,MINOR INSPECTION,2171,8000,839371
MINOR-D:L455,MINOR INSPECTION,9480,8000,869117
MINOR-D:L302,MINOR INSPECTION,9677,8000,974743
MINOR-D:L380,MINOR INSPECTION,9741,8000,1011760
MINOR-D:L483,MINOR INSPECTION,9520,8000,850606
MINOR-D:SR1123,MINOR INSPECTION,7470,8000,1375583
MINOR-D:L483,MINOR INSPECTION,9535,8000,835775
MINOR-D:SR1123,MINOR INSPECTION,7465,8000,1374090
MINOR-D:SR648A,MINOR INSPECTION,7423,8000,1314354
MINOR-T:SR1293,MINOR INSPECTION,2572,8000,709689
MINOR-D:SR1095,MINOR INSPECTION,3337,8000,1257570
MINOR-D:L454,MINOR INSPECTION,9440,8000,898737
MINOR-T:SR1027,MINOR INSPECTION,2261,8000,791688
MINOR-D:SR1123,MINOR INSPECTION,7469,8000,1477543
MINOR-T:SR1027,MINOR INSPECTION,2276,8000,634313
MINOR-T:SR1027,MINOR INSPECTION,2206,8000,846761
MINOR-D:SR1095,MINOR INSPECTION,3320,8000,1263907
MINOR-T:SR1030,MINOR INSPECTION,2517,8000,763241
MINOR-D:L412,MINOR INSPECTION,9401,8000,840511
MINOR-D:SR648,MINOR INSPECTION,7390,8000,1259863
MINOR-T:SR1293,MINOR INSPECTION,2552,8000,690043
MINOR-D:L483,MINOR INSPECTION,9528,8000,830492
MINOR-T:SR1293,MINOR INSPECTION,2550,8000,671632
MINOR-T:SR1027,MINOR INSPECTION,2217,8000,797918
MINOR-D:SR648,MINOR INSPECTION,7408,8000,1302986
MINOR-D:SR1280,MINOR INSPECTION,8129,8000,869063
MINOR-D:L381,MINOR INSPECTION,9761,8000,978744
MINOR-T:SR983,MINOR INSPECTION,2101,8000,642854
MINOR-D:L533B,MINOR INSPECTION,9569,8000,845988
MINOR-D:L454,MINOR INSPECTION,9429,8000,859568
MINOR-T:SR1027,MINOR INSPECTION,2164,8000,786852
MINOR-D:SR1280,MINOR INSPECTION,8140,8000,875760
MINOR-D:L533B,MINOR INSPECTION,9570,8000,844811
MINOR-D:L483,MINOR INSPECTION,9526,8000,835098
MINOR-D:SR1659,MINOR INSPECTION,12003,8000,662987
MINOR-D:J520,MINOR INSPECTION,19423,8000,526523
MINOR-D:SR1659,MINOR INSPECTION,12015,8000,675722
MINOR-D:L380,MINOR INSPECTION,9743,8000,992650
MINOR-D:L302,MINOR INSPECTION,9655,8000,984977
MINOR-D:SR1659,MINOR INSPECTION,12005,8000,663518
MINOR-D:L301,MINOR INSPECTION,9612,8000,997138
MINOR-D:L301,MINOR INSPECTION,9637,8000,991095
MINOR-D:L380,MINOR INSPECTION,9731,8000,1008084
MINOR-T:SR1027,MINOR INSPECTION,2135,8000,795608
MINOR-D:L380,MINOR INSPECTION,9746,8000,1021459
MINOR-T:SR1027,MINOR INSPECTION,2209,8000,811217
MINOR-T:SR1027,MINOR INSPECTION,2267,8000,770744
MINOR-D:L302,MINOR INSPECTION,9693,8000,975277
MINOR-D:L482,MINOR INSPECTION,9507,8000,858809
MINOR-D:L454,MINOR INSPECTION,9407,8000,869214
MINOR-D:SR2021,MINOR INSPECTION,16140,8000,170962
MINOR-D:SR2210,MINOR INSPECTION,18127,8000,472885
MINOR-D:LB31,MINOR INSPECTION,18364,8000,309042
MINOR-D:SR2604,MINOR INSPECTION,21005,8000,131986
MINOR-D:LB31,MINOR INSPECTION,18391,8000,273192
MINOR-D:SR2210,MINOR INSPECTION,18153,8000,476134
MINOR-D:SR2210,MINOR INSPECTION,18181,8000,492171
MINOR-D:SR2210,MINOR INSPECTION,18117,8000,516500
MINOR-D:SR2255,MINOR INSPECTION,18014,8000,351699
MINOR-D:SR2210,MINOR INSPECTION,18191,8000,474994
MINOR-D:SR2255,MINOR INSPECTION,18015,8000,379435
MINOR-D:SR2255,MINOR INSPECTION,18044,8000,452539
MINOR-D:J520,MINOR INSPECTION,19421,8000,547363
MINOR-D:SR2255,MINOR INSPECTION,18010,8000,350997
MINOR-D:LB31,MINOR INSPECTION,18321,8000,307036
MINOR-D:SR2210,MINOR INSPECTION,18116,8000,428547
MINOR-D:SR2210,MINOR INSPECTION,18185,8000,480190
MINOR-D:SR2210,MINOR INSPECTION,18194,8000,450080
MINOR-D:SR2604,MINOR INSPECTION,21017,8000,105891
MINOR-D:SR2210,MINOR INSPECTION,18121,8000,495375
MINOR-D:LB31,MINOR INSPECTION,18341,8000,270653
MINOR-D:SR2210,MINOR INSPECTION,18114,8000,485048
MINOR-D:SR2255,MINOR INSPECTION,18034,8000,339514
MINOR-D:SR2210,MINOR INSPECTION,18161,8000,512734
MINOR-D:SR2210,MINOR INSPECTION,18107,8000,494490
MINOR-D:LB31,MINOR INSPECTION,18370,8000,271044
MINOR-D:LB31,MINOR INSPECTION,18350,8000,292001
MINOR-D:SR2210,MINOR INSPECTION,18170,8000,493847
MINOR-D:LB31,MINOR INSPECTION,18351,8000,291960
MINOR-D:LB31,MINOR INSPECTION,18337,8000,261505
MINOR-D:SR2210,MINOR INSPECTION,18187,8000,409208
MINOR-D:LB32,MINOR INSPECTION,18458,8000,490422
MINOR-D:SR2255,MINOR INSPECTION,18060,8000,338409
MINOR-D:SR2255,MINOR INSPECTION,18019,8000,343456
MINOR-D:SR2210,MINOR INSPECTION,18188,8000,467502
MINOR-D:SR2255,MINOR INSPECTION,18023,8000,267447
MINOR-D:SR2604,MINOR INSPECTION,21015,8000,99219
MINOR-D:J520,MINOR INSPECTION,19406,8000,565729
MINOR-D:SR2255,MINOR INSPECTION,18012,8000,392178
MINOR-D:SR2743,MINOR INSPECTION,22005,8000,8001
MINOR-D:SR2210,MINOR INSPECTION,18119,8000,468416
MINOR-D:LB31,MINOR INSPECTION,18397,8000,297026
MINOR-D:SR2210,MINOR INSPECTION,18141,8000,478096
MINOR-D:SR2210,MINOR INSPECTION,18118,8000,445078
MINOR-D:SR2743,MINOR INSPECTION,22002,8000,30792
MINOR-D:SR2255,MINOR INSPECTION,18022,8000,379951
MINOR-D:SR2210,MINOR INSPECTION,18189,8000,463813
MINOR-D:SR2210,MINOR INSPECTION,18129,8000,498508
MINOR-D:SR2255,MINOR INSPECTION,18041,8000,382354
MINOR-D:SR2210,MINOR INSPECTION,18148,8000,484042
MINOR-D:SR1178,MINOR INSPECTION,8102,8000,992201
MINOR-D:LB31,MINOR INSPECTION,18312,8000,292996
MINOR-D:SR2255,MINOR INSPECTION,18007,8000,375431
MINOR-D:LF60,MINOR INSPECTION,24128,8000,8000
MINOR-D:LF60,MINOR INSPECTION,24102,8000,8000
MINOR-D:LE14,MINOR INSPECTION,23202,8000,8000
MINOR-D:LE14,MINOR INSPECTION,23214,8000,8000
MINOR-D:SR2795,MINOR INSPECTION,24016,8000,8000
MINOR-D:LF60,MINOR INSPECTION,24111,8000,8000
MINOR-D:LE14,MINOR INSPECTION,23213,8000,8000
MINOR-D:LF60,MINOR INSPECTION,24119,8000,8000
MINOR-D:LF60,MINOR INSPECTION,24132,8000,8000
MINOR-D:LF60,MINOR INSPECTION,24146,8000,8000
MINOR-D:LF60,MINOR INSPECTION,24149,8000,8000
MINOR-D:LF60,MINOR INSPECTION,24112,8000,8000
MINOR-D:LF60,MINOR INSPECTION,24124,8000,8000
MINOR-D:LF60,MINOR INSPECTION,24105,8000,8000
MINOR-D:LE14,MINOR INSPECTION,23206,8000,8000
MINOR-D:LF60,MINOR INSPECTION,24104,8000,8000
MINOR-D:LF60,MINOR INSPECTION,24116,8000,8000
MINOR-D:LF60,MINOR INSPECTION,24135,8000,8000
MINOR-D:L381,MINOR INSPECTION,9756,8000,1007914
MINOR-D:SR1123,MINOR INSPECTION,7494,8000,1330679
MINOR-D:L381,MINOR INSPECTION,9760,8000,943614
MINOR-D:L532,MINOR INSPECTION,9544,8000,884102
MINOR-D:L533B,MINOR INSPECTION,9572,8000,865624
MINOR-D:J520,MINOR INSPECTION,19413,8000,572185
MINOR-D:L455,MINOR INSPECTION,9476,8000,822559
MINOR-D:SR1659,MINOR INSPECTION,12018,8000,686768
MINOR-D:SR1123,MINOR INSPECTION,7487,8000,1357138
MINOR-D:L301,MINOR INSPECTION,9622,8000,985406
MINOR-D:SR1095,MINOR INSPECTION,3316,8000,1197698
MINOR-T:SR1027,MINOR INSPECTION,2175,8000,799865
MINOR-D:L532,MINOR INSPECTION,9551,8000,869869
MINOR-D:SR1659,MINOR INSPECTION,12012,8000,641934
MINOR-D:L455,MINOR INSPECTION,9484,8000,842731
MINOR-D:L302,MINOR INSPECTION,9663,8000,971045
MINOR-D:L455,MINOR INSPECTION,9488,8000,801652
MINOR-D:L482,MINOR INSPECTION,9512,8000,849619
MINOR-D:SR1659,MINOR INSPECTION,12008,8000,638505
MINOR-D:SR2021,MINOR INSPECTION,16133,8000,204944
MINOR-D:SR1280,MINOR INSPECTION,8142,8000,832581
MINOR-T:SR1027,MINOR INSPECTION,2116,8000,813292
MINOR-D:SR1095A,MINOR INSPECTION,3312,8000,1112676
MINOR-T:SR1027,MINOR INSPECTION,2138,8000,804807
MINOR-D:L301,MINOR INSPECTION,9619,8000,954100
MINOR-D:SR1659,MINOR INSPECTION,12004,8000,669144
MINOR-D:SR1123,MINOR INSPECTION,7475,8000,1386270
MINOR-T:SR1027,MINOR INSPECTION,2103,8000,653052
MINOR-D:SR1095,MINOR INSPECTION,3342,8000,1274116
MINOR-D:SR1123,MINOR INSPECTION,7451,8000,1427811
MINOR-D:L302,MINOR INSPECTION,9665,8000,947914
MINOR-D:SR1659,MINOR INSPECTION,12021,8000,689032
MINOR-D:SR2255,MINOR INSPECTION,18037,8000,291592
MINOR-D:SR2255,MINOR INSPECTION,18054,8000,414682
MINOR-D:SR2210,MINOR INSPECTION,18135,8000,467543
MINOR-D:SR2210,MINOR INSPECTION,18177,8000,472928
MINOR-D:SR2210,MINOR INSPECTION,18130,8000,492489
MINOR-D:LB31,MINOR INSPECTION,18324,8000,324351
MINOR-D:SR2255,MINOR INSPECTION,18051,8000,319895
MINOR-D:SR2210,MINOR INSPECTION,18152,8000,459571
MINOR-D:LB32,MINOR INSPECTION,18460,8000,504144
MINOR-D:SR2255,MINOR INSPECTION,18056,8000,328090
MINOR-D:SR2255,MINOR INSPECTION,18028,8000,289710
MINOR-D:LB31,MINOR INSPECTION,18384,8000,262385
MINOR-D:SR2210,MINOR INSPECTION,18186,8000,411595
MINOR-D:SR2604,MINOR INSPECTION,21010,8000,115068
MINOR-D:LB31,MINOR INSPECTION,18363,8000,317754
MINOR-D:LB31,MINOR INSPECTION,18360,8000,304062
MINOR-D:SR2255,MINOR INSPECTION,18040,8000,431572
MINOR-D:SR2255,MINOR INSPECTION,18011,8000,330037
MINOR-D:SR2210,MINOR INSPECTION,18206,8000,450521
MINOR-D:SR2255,MINOR INSPECTION,18002,8000,325360
MINOR-D:SR2210,MINOR INSPECTION,18138,8000,485851
MINOR-D:LB32,MINOR INSPECTION,18454,8000,478203
MINOR-D:LB32,MINOR INSPECTION,18455,8000,493872
MINOR-D:SR2255,MINOR INSPECTION,18029,8000,293258
MINOR-D:SR2210,MINOR INSPECTION,18133,8000,492758
MINOR-D:SR2210,MINOR INSPECTION,18200,8000,443644
MINOR-D:SR2604,MINOR INSPECTION,21024,8000,133767
MINOR-D:SR2210,MINOR INSPECTION,18178,8000,495792
MINOR-D:LB31,MINOR INSPECTION,18367,8000,294359
MINOR-D:LB31,MINOR INSPECTION,18342,8000,308692
MINOR-D:SR2210,MINOR INSPECTION,18193,8000,481785
MINOR-D:SR2210,MINOR INSPECTION,18190,8000,458463
MINOR-D:SR2210,MINOR INSPECTION,18196,8000,427746
MINOR-D:LB32,MINOR INSPECTION,18456,8000,485265
MINOR-D:SR1178,MINOR INSPECTION,8103,8000,945003
MINOR-D:SR2795,MINOR INSPECTION,24013,8000,8000
MINOR-D:LF60,MINOR INSPECTION,24115,8000,8000
MINOR-D:LF60,MINOR INSPECTION,24138,8000,8000
MINOR-D:LF60,MINOR INSPECTION,24130,8000,8000
MINOR-D:LF60,MINOR INSPECTION,24150,8000,8000
MINOR-D:LF60,MINOR INSPECTION,24143,8000,8000
MINOR-D:LF60,MINOR INSPECTION,24133,8000,8000
MINOR-D:LE14,MINOR INSPECTION,23203,8000,8000
MINOR-D:SR2182,MINOR INSPECTION,19304,8000,138213
MINOR-D:L302,MINOR INSPECTION,9664,8000,959043
MINOR-T:SR1027,MINOR INSPECTION,2271,8000,744680
MINOR-T:SR1027,MINOR INSPECTION,2230,8000,784298
MINOR-D:L454,MINOR INSPECTION,9465,8000,860116
MINOR-D:L380,MINOR INSPECTION,9744,8000,1021423
MINOR-T:SR1293,MINOR INSPECTION,2573,8000,690081
MINOR-T:SR1027,MINOR INSPECTION,2284,8000,768720
MINOR-D:L301,MINOR INSPECTION,9645,8000,948966
MINOR-T:SR1027,MINOR INSPECTION,2188,8000,793395
MINOR-D:SR1123,MINOR INSPECTION,7454,8000,1318912
MINOR-D:SR1095,MINOR INSPECTION,3338,8000,1169484
MINOR-T:SR1027,MINOR INSPECTION,2181,8000,780190
MINOR-D:L482,MINOR INSPECTION,9516,8000,862677
MINOR-D:SR2021,MINOR INSPECTION,16125,8000,562734
MINOR-D:L341,MINOR INSPECTION,9716,8000,961053
MINOR-D:L482,MINOR INSPECTION,9515,8000,846509
MINOR-T:SR1027,MINOR INSPECTION,2270,8000,678170
MINOR-T:SR1027,MINOR INSPECTION,2214,8000,812739
MINOR-D:L302,MINOR INSPECTION,9701,8000,1022535
MINOR-D:L534,MINOR INSPECTION,9574,8000,850825
MINOR-D:L341,MINOR INSPECTION,9719,8000,972105
MINOR-D:SR1123,MINOR INSPECTION,7461,8000,1342804
MINOR-T:SR1027,MINOR INSPECTION,2244,8000,792395
MINOR-D:L454,MINOR INSPECTION,9403,8000,837643
MINOR-T:SR1030,MINOR INSPECTION,2524,8000,740357
MINOR-T:SR1027,MINOR INSPECTION,2130,8000,815746
MINOR-D:L380,MINOR INSPECTION,9737,8000,865938
MINOR-D:L380,MINOR INSPECTION,9740,8000,1004826
MINOR-D:L301,MINOR INSPECTION,9631,8000,974320
MINOR-D:L302,MINOR INSPECTION,9706,8000,979994
MINOR-D:L341,MINOR INSPECTION,9709,8000,997624
MINOR-D:SR1123,MINOR INSPECTION,7480,8000,1377278
MINOR-D:SR1095,MINOR INSPECTION,3352,8000,1245789
MINOR-D:SR1280,MINOR INSPECTION,8147,8000,901236
MINOR-T:SR1030,MINOR INSPECTION,2530,8000,717385
MINOR-D:L454,MINOR INSPECTION,9428,8000,859166
MINOR-D:SR1095,MINOR INSPECTION,3333,8000,1311718
MINOR-D:L532,MINOR INSPECTION,9543,8000,839512
MINOR-T:SR1027,MINOR INSPECTION,2160,8000,755844
MINOR-D:L302,MINOR INSPECTION,9656,8000,995770
MINOR-D:SR1280,MINOR INSPECTION,8120,8000,872435
MINOR-D:SR1178,MINOR INSPECTION,8116,8000,921701
MINOR-D:L302,MINOR INSPECTION,9660,8000,956256
MINOR-D:L301,MINOR INSPECTION,9614,8000,949408
MINOR-D:L454,MINOR INSPECTION,9402,8000,889006
MINOR-D:L534,MINOR INSPECTION,9577,8000,876277
MINOR-D:SR2021,MINOR INSPECTION,16108,8000,589725
MINOR-T:SR1027,MINOR INSPECTION,2167,8000,771202
MINOR-D:L455,MINOR INSPECTION,9474,8000,864504
MINOR-T:SR1027,MINOR INSPECTION,2133,8000,777737
MINOR-T:SR1027,MINOR INSPECTION,2110,8000,781968
MINOR-D:SR1280,MINOR INSPECTION,8130,8000,883310
MINOR-D:L455,MINOR INSPECTION,9483,8000,871210
MINOR-D:L381,MINOR INSPECTION,9766,8000,991237
MINOR-D:L455,MINOR INSPECTION,9487,8000,870299
MINOR-D:SR1123,MINOR INSPECTION,7476,8000,1364083
MINOR-T:SR1027,MINOR INSPECTION,2141,8000,816450
MINOR-D:L455,MINOR INSPECTION,9489,8000,884472
MINOR-D:L454,MINOR INSPECTION,9414,8000,851308
MINOR-D:L380,MINOR INSPECTION,9730,8000,990367
MINOR-T:SR1027,MINOR INSPECTION,2262,8000,706911
MINOR-D:L301,MINOR INSPECTION,9634,8000,1009982
MINOR-D:SR1280,MINOR INSPECTION,8150,8000,832308
MINOR-D:SR1095,MINOR INSPECTION,3327,8000,1184446
MINOR-D:SR1123,MINOR INSPECTION,7486,8000,1351014
MINOR-D:L381,MINOR INSPECTION,9762,8000,1018163
MINOR-T:SR1030,MINOR INSPECTION,2508,8000,735591
MINOR-D:L455,MINOR INSPECTION,9472,8000,788198
MINOR-T:SR1027,MINOR INSPECTION,2169,8000,791884
MINOR-D:L341,MINOR INSPECTION,9707,8000,1005959
MINOR-T:SR1027,MINOR INSPECTION,2201,8000,824672
MINOR-D:L454,MINOR INSPECTION,9457,8000,841026
MINOR-D:SR2021,MINOR INSPECTION,16123,8000,566106
MINOR-D:L534,MINOR INSPECTION,9578,8000,880724
MINOR-T:SR1027,MINOR INSPECTION,2112,8000,747600
MINOR-D:L533,MINOR INSPECTION,9560,8000,888357
MINOR-D:SR2021,MINOR INSPECTION,16129,8000,579752
MINOR-D:L301,MINOR INSPECTION,9640,8000,930844
MINOR-D:L301,MINOR INSPECTION,9606,8000,961785
MINOR-T:SR1027,MINOR INSPECTION,2166,8000,777214
MINOR-T:SR1293,MINOR INSPECTION,2569,8000,657440
MINOR-D:SR729,MINOR INSPECTION,7438,8000,1379253
MINOR-D:L482,MINOR INSPECTION,9498,8000,865064
MINOR-T:SR1027,MINOR INSPECTION,2156,8000,733291
MINOR-D:L381,MINOR INSPECTION,9781,8000,1013233
MINOR-D:J520,MINOR INSPECTION,19410,8000,564740
MINOR-D:SR1280,MINOR INSPECTION,8143,8000,867207
MINOR-T:SR1030,MINOR INSPECTION,2528,8000,738976
MINOR-D:SR2065,MINOR INSPECTION,16214,8000,451486
MINOR-D:SR1993,MINOR INSPECTION,16044,8000,517819
MINOR-D:SR2021,MINOR INSPECTION,16122,8000,560003
MINOR-D:SR2021,MINOR INSPECTION,16106,8000,589585
MINOR-D:SR2065,MINOR INSPECTION,16202,8000,487905
MINOR-D:SR1993,MINOR INSPECTION,16008,8000,516074
MINOR-D:SR1993,MINOR INSPECTION,16007,8000,484635
MINOR-D:SR1993,MINOR INSPECTION,16048,8000,542629
MINOR-D:SR1867,MINOR INSPECTION,14024,8000,806391
MINOR-D:SR1993,MINOR INSPECTION,16017,8000,517700
MINOR-D:SR1993,MINOR INSPECTION,16036,8000,552790
MINOR-D:SR1993,MINOR INSPECTION,16006,8000,514536
MINOR-D:SR1993,MINOR INSPECTION,16032,8000,547165
MINOR-D:SR2065,MINOR INSPECTION,16216,8000,439189
MINOR-D:SR2065,MINOR INSPECTION,16218,8000,462954
MINOR-D:SR1867,MINOR INSPECTION,14016,8000,819333
MINOR-D:SR2065,MINOR INSPECTION,16206,8000,443629
MINOR-D:LB31,MINOR INSPECTION,18388,8000,294127
MINOR-D:SR2255,MINOR INSPECTION,18025,8000,334813
MINOR-D:SR2299,MINOR INSPECTION,19005,8000,368084
MINOR-D:SR2299,MINOR INSPECTION,19032,8000,258837
MINOR-D:SR2743,MINOR INSPECTION,22012,8000,31464
MINOR-D:LB31,MINOR INSPECTION,18301,8000,297971
MINOR-D:SR2299,MINOR INSPECTION,19015,8000,327770
MINOR-D:SR2299,MINOR INSPECTION,19040,8000,301065
MINOR-D:SR2299,MINOR INSPECTION,19035,8000,311001
MINOR-D:SR2795,MINOR INSPECTION,24005,8000,8000
MINOR-D:SR2757,MINOR INSPECTION,23008,8000,31113
MINOR-D:LB32,MINOR INSPECTION,18462,8000,481214
MINOR-D:SR2299,MINOR INSPECTION,19024,8000,280792
MINOR-D:SR2299,MINOR INSPECTION,19017,8000,328953
MINOR-D:SR2299,MINOR INSPECTION,19033,8000,295007
MINOR-D:SR2743,MINOR INSPECTION,22011,8000,31366
MINOR-D:L501,MINOR INSPECTION,21420,8000,118900
MINOR-D:SR2604,MINOR INSPECTION,21019,8000,115020
MINOR-D:SR2757,MINOR INSPECTION,23010,8000,8001
MINOR-D:L501,MINOR INSPECTION,21414,8000,145315
MINOR-D:SR2338,MINOR INSPECTION,19128,8000,379468
MINOR-D:LB31,MINOR INSPECTION,18343,8000,308653
MINOR-D:1314A,MINOR INSPECTION,9285,8000,1500064
MINOR-D:SR2757,MINOR INSPECTION,23015,8000,8001
MINOR-D:LB31,MINOR INSPECTION,18402,8000,264213
MINOR-D:J520,MINOR INSPECTION,19402,8000,480013
MINOR-D:L482,MINOR INSPECTION,9508,8000,830385
MINOR-D:SR1659,MINOR INSPECTION,12023,8000,664382
MINOR-D:SR1659,MINOR INSPECTION,12020,8000,660200
MINOR-T:SR1027,MINOR INSPECTION,2165,8000,830890
MINOR-D:L302,MINOR INSPECTION,9672,8000,1002138
MINOR-T:SR1027,MINOR INSPECTION,2108,8000,733851
MINOR-D:SR1123,MINOR INSPECTION,7459,8000,1259320
MINOR-D:SR1280,MINOR INSPECTION,8151,8000,883685
MINOR-D:SR1659,MINOR INSPECTION,12002,8000,665681
MINOR-D:L482,MINOR INSPECTION,9504,8000,816773
MINOR-D:SR1659,MINOR INSPECTION,12006,8000,638647
MINOR-D:SR1095,MINOR INSPECTION,3344,8000,1231019
MINOR-D:L454,MINOR INSPECTION,9406,8000,870885
MINOR-T:SR1027,MINOR INSPECTION,2205,8000,826019
MINOR-T:SR1027,MINOR INSPECTION,2241,8000,752354
MINOR-T:SR1027,MINOR INSPECTION,2102,8000,692787
MINOR-T:SR1027,MINOR INSPECTION,2127,8000,760328
MINOR-D:L483,MINOR INSPECTION,9527,8000,894148
MINOR-D:L381,MINOR INSPECTION,9768,8000,992462
MINOR-T:SR1027,MINOR INSPECTION,2163,8000,673318
MINOR-D:L483,MINOR INSPECTION,9529,8000,772344
MINOR-D:SR1280,MINOR INSPECTION,8156,8000,897325
MINOR-D:L533,MINOR INSPECTION,9567,8000,861470
MINOR-D:L301,MINOR INSPECTION,9605,8000,977328
MINOR-T:SR1027,MINOR INSPECTION,2168,8000,781576
MINOR-D:L302,MINOR INSPECTION,9681,8000,968251
MINOR-D:L454,MINOR INSPECTION,9454,8000,883323
MINOR-T:SR1027,MINOR INSPECTION,2161,8000,813359
MINOR-D:L381,MINOR INSPECTION,9774,8000,1005379
MINOR-D:L302,MINOR INSPECTION,9685,8000,952540
MINOR-T:SR1027,MINOR INSPECTION,2285,8000,802317
MINOR-D:SR1280,MINOR INSPECTION,8125,8000,861078
MINOR-D:SR2210,MINOR INSPECTION,18128,8000,502345
MINOR-D:LB31,MINOR INSPECTION,18317,8000,306660
MINOR-D:SR2255,MINOR INSPECTION,18048,8000,307792
MINOR-D:SR2255,MINOR INSPECTION,18001,8000,358032
MINOR-D:SR2255,MINOR INSPECTION,18016,8000,358189
MINOR-D:SR2255,MINOR INSPECTION,18018,8000,362655
MINOR-D:SR2210,MINOR INSPECTION,18174,8000,489250
MINOR-D:LB32,MINOR INSPECTION,18472,8000,490944
MINOR-D:LB31,MINOR INSPECTION,18404,8000,270265
MINOR-D:SR2210,MINOR INSPECTION,18202,8000,445713
MINOR-D:LB74,MINOR INSPECTION,19301,8000,110832
MINOR-D:SR2604,MINOR INSPECTION,21014,8000,101302
MINOR-D:LB31,MINOR INSPECTION,18357,8000,306595
MINOR-D:LB32,MINOR INSPECTION,18459,8000,499980
MINOR-D:LB31,MINOR INSPECTION,18383,8000,300731
MINOR-D:L401,MINOR INSPECTION,9799,8000,961764
MINOR-D:LB31,MINOR INSPECTION,18352,8000,268781
MINOR-D:LB31,MINOR INSPECTION,18382,8000,295666
MINOR-D:LB31,MINOR INSPECTION,18359,8000,292690
MINOR-D:SR2210,MINOR INSPECTION,18139,8000,496433
MINOR-D:SR2604,MINOR INSPECTION,21016,8000,113309
MINOR-D:SR2255,MINOR INSPECTION,18009,8000,380066
MINOR-D:SR2210,MINOR INSPECTION,18167,8000,488198
MINOR-D:SR2210,MINOR INSPECTION,18179,8000,478038
MINOR-D:SR2182,MINOR INSPECTION,19303,8000,181825
MINOR-D:SR2255,MINOR INSPECTION,18006,8000,337540
MINOR-D:SR2255,MINOR INSPECTION,18042,8000,447364
MINOR-D:SR2210,MINOR INSPECTION,18113,8000,464736
MINOR-D:SR2210,MINOR INSPECTION,18176,8000,452788
MINOR-D:LB31,MINOR INSPECTION,18333,8000,296679
MINOR-D:J520,MINOR INSPECTION,19403,8000,555953
MINOR-D:LB31,MINOR INSPECTION,18336,8000,283938
MINOR-D:SR2255,MINOR INSPECTION,18005,8000,365324
MINOR-D:LB31,MINOR INSPECTION,18349,8000,293232
MINOR-D:SR2210,MINOR INSPECTION,18124,8000,484894
MINOR-D:LB32,MINOR INSPECTION,18471,8000,465512
MINOR-D:SR2604,MINOR INSPECTION,21013,8000,100863
MINOR-D:SR2210,MINOR INSPECTION,18120,8000,499204
MINOR-D:LF60,MINOR INSPECTION,24108,8000,8000
MINOR-D:LE14,MINOR INSPECTION,23209,8000,8000
MINOR-D:SR2795,MINOR INSPECTION,24012,8000,8000
MINOR-D:LF60,MINOR INSPECTION,24120,8000,8000
MINOR-D:LF60,MINOR INSPECTION,24140,8000,8000
MINOR-D:LF60,MINOR INSPECTION,24129,8000,8000
MINOR-D:LF60,MINOR INSPECTION,24122,8000,8000
MINOR-D:J520,MINOR INSPECTION,19404,8000,586794
MINOR-T:SR1027,MINOR INSPECTION,2123,8000,751656
MINOR-T:SR1293,MINOR INSPECTION,2547,8000,628615
MINOR-D:L454,MINOR INSPECTION,9425,8000,872308
MINOR-D:L381,MINOR INSPECTION,9753,8000,985491
MINOR-T:SR1027,MINOR INSPECTION,2155,8000,798359
MINOR-D:SR1123,MINOR INSPECTION,7489,8000,1357597
MINOR-T:SR1027,MINOR INSPECTION,2134,8000,809385
MINOR-D:SR2021,MINOR INSPECTION,16127,8000,570466
MINOR-D:L302,MINOR INSPECTION,9657,8000,985665
MINOR-D:J520,MINOR INSPECTION,19414,8000,551115
MINOR-D:SR1095,MINOR INSPECTION,3325,8000,1258840
MINOR-D:L301,MINOR INSPECTION,9623,8000,989733
MINOR-D:L380,MINOR INSPECTION,9732,8000,1009569
MINOR-D:L455,MINOR INSPECTION,9482,8000,837372
MINOR-D:L454,MINOR INSPECTION,9468,8000,856842
MINOR-D:SR1123,MINOR INSPECTION,7491,8000,1391035
MINOR-D:L483,MINOR INSPECTION,9538,8000,819496
MINOR-D:SR1123,MINOR INSPECTION,7483,8000,1330603
MINOR-T:SR1027,MINOR INSPECTION,2283,8000,792836
MINOR-D:L302,MINOR INSPECTION,9652,8000,950792
MINOR-T:SR1027,MINOR INSPECTION,2233,8000,785520
MINOR-D:L341,MINOR INSPECTION,9714,8000,1005392
MINOR-T:SR1027,MINOR INSPECTION,2189,8000,785571
MINOR-D:L454,MINOR INSPECTION,9412,8000,888741
MINOR-D:SR1123,MINOR INSPECTION,7497,8000,1191721
MINOR-D:L302,MINOR INSPECTION,9692,8000,978412
MINOR-D:L454,MINOR INSPECTION,9431,8000,859020
MINOR-T:SR1027,MINOR INSPECTION,2162,8000,777427
MINOR-D:L301,MINOR INSPECTION,9627,8000,962665
MINOR-T:SR1027,MINOR INSPECTION,2107,8000,747421
MINOR-T:SR1027,MINOR INSPECTION,2274,8000,788118
MINOR-D:L454,MINOR INSPECTION,9464,8000,810172
MINOR-D:L381,MINOR INSPECTION,9751,8000,955481
MINOR-D:SR1095,MINOR INSPECTION,3318,8000,1221984
MINOR-D:SR1123,MINOR INSPECTION,7492,8000,1317622
MINOR-T:SR1293,MINOR INSPECTION,2557,8000,680372
MINOR-D:L454,MINOR INSPECTION,9437,8000,913753
MINOR-T:SR1027,MINOR INSPECTION,2117,8000,800502
MINOR-T:SR1027,MINOR INSPECTION,2109,8000,816164
MINOR-D:L341,MINOR INSPECTION,9721,8000,992848
MINOR-D:L301,MINOR INSPECTION,9615,8000,974563
MINOR-T:SR1027,MINOR INSPECTION,2265,8000,764905
MINOR-D:L482,MINOR INSPECTION,9505,8000,835490
MINOR-D:L341,MINOR INSPECTION,9715,8000,929395
MINOR-T:SR1027,MINOR INSPECTION,2137,8000,793923
MINOR-T:SR1027,MINOR INSPECTION,2184,8000,810436
MINOR-T:SR1027,MINOR INSPECTION,2145,8000,826228
MINOR-D:SR1280,MINOR INSPECTION,8144,8000,876133
MINOR-T:SR1027,MINOR INSPECTION,2148,8000,799602
MINOR-D:L454,MINOR INSPECTION,9449,8000,848830
MINOR-D:L455,MINOR INSPECTION,9490,8000,879510
MINOR-D:SR1123,MINOR INSPECTION,7481,8000,1361349
MINOR-T:SR1027,MINOR INSPECTION,2259,8000,776503
MINOR-T:SR1030,MINOR INSPECTION,2519,8000,757464
MINOR-D:SR1095,MINOR INSPECTION,3313,8000,1258711
MINOR-D:L455,MINOR INSPECTION,9485,8000,765930
MINOR-D:SR2021,MINOR INSPECTION,16114,8000,557852
MINOR-D:L454,MINOR INSPECTION,9469,8000,901151
MINOR-T:SR1027,MINOR INSPECTION,2275,8000,765565
MINOR-D:L483,MINOR INSPECTION,9530,8000,836352
MINOR-T:SR1027,MINOR INSPECTION,2183,8000,801257
MINOR-T:SR1027,MINOR INSPECTION,2149,8000,774751
MINOR-T:SR1027,MINOR INSPECTION,2203,8000,798864
MINOR-D:L482,MINOR INSPECTION,9513,8000,793919
MINOR-D:L534,MINOR INSPECTION,9587,8000,898651
MINOR-D:L534,MINOR INSPECTION,9584,8000,890171
MINOR-D:SR729,MINOR INSPECTION,7436,8000,1299243
MINOR-D:SR1095,MINOR INSPECTION,3328,8000,1312284
MINOR-D:L454,MINOR INSPECTION,9417,8000,913042
MINOR-D:L454,MINOR INSPECTION,9420,8000,904121
MINOR-T:SR1027,MINOR INSPECTION,2263,8000,786668
MINOR-D:L302,MINOR INSPECTION,9661,8000,944378
MINOR-D:L483,MINOR INSPECTION,9536,8000,831682
MINOR-T:SR1027,MINOR INSPECTION,2173,8000,724625
MINOR-T:SR1027,MINOR INSPECTION,2122,8000,794964
MINOR-T:SR1027,MINOR INSPECTION,2260,8000,794087
MINOR-D:L454,MINOR INSPECTION,9452,8000,896549
MINOR-D:L302,MINOR INSPECTION,9698,8000,986797
MINOR-D:SR1867,MINOR INSPECTION,14033,8000,794164
MINOR-D:SR2065,MINOR INSPECTION,16226,8000,484065
MINOR-D:SR2065,MINOR INSPECTION,16225,8000,449254
MINOR-D:SR2065,MINOR INSPECTION,16213,8000,448097
MINOR-D:SR1867,MINOR INSPECTION,14002,8000,770189
MINOR-D:SR1993,MINOR INSPECTION,16025,8000,524464
MINOR-D:SR1867,MINOR INSPECTION,14026,8000,780668
MINOR-D:SR2065,MINOR INSPECTION,16207,8000,450695
MINOR-D:SR2065,MINOR INSPECTION,16217,8000,422657
MINOR-D:SR1993,MINOR INSPECTION,16047,8000,508027
MINOR-D:SR1993,MINOR INSPECTION,16003,8000,545514
MINOR-D:SR2021,MINOR INSPECTION,16101,8000,565904
MINOR-D:SR1867,MINOR INSPECTION,14021,8000,804133
MINOR-D:SR1867,MINOR INSPECTION,14013,8000,769290
MINOR-D:SR1993,MINOR INSPECTION,16019,8000,515954
MINOR-D:SR2065,MINOR INSPECTION,16209,8000,438154
MINOR-D:SR2021,MINOR INSPECTION,16130,8000,532988
MINOR-D:SR1993,MINOR INSPECTION,16021,8000,572678
MINOR-D:LB32,MINOR INSPECTION,18451,8000,482251
MINOR-D:LB31,MINOR INSPECTION,18387,8000,292370
MINOR-D:SR2338,MINOR INSPECTION,19146,8000,350358
MINOR-D:LB31,MINOR INSPECTION,18385,8000,303766
MINOR-D:LB31,MINOR INSPECTION,18380,8000,293048
MINOR-D:J520,MINOR INSPECTION,19430,8000,562506
MINOR-D:SR2338,MINOR INSPECTION,19109,8000,361854
MINOR-D:SR2757,MINOR INSPECTION,23005,8000,15706
MINOR-D:SR2299,MINOR INSPECTION,19010,8000,328735
MINOR-D:LB31,MINOR INSPECTION,18346,8000,301879
MINOR-D:SR2338,MINOR INSPECTION,19132,8000,369290
MINOR-D:LB31,MINOR INSPECTION,18396,8000,289036
MINOR-D:SR2338,MINOR INSPECTION,19117,8000,357998
MINOR-D:SR2338,MINOR INSPECTION,19113,8000,395422
MINOR-D:SR2795,MINOR INSPECTION,24003,8000,8000
MINOR-D:SR2604,MINOR INSPECTION,21020,8000,103481
MINOR-D:LB31,MINOR INSPECTION,18376,8000,303222
MINOR-D:SR2299,MINOR INSPECTION,19047,8000,265921
MINOR-D:SR2338,MINOR INSPECTION,19145,8000,361535
MINOR-D:SR2338,MINOR INSPECTION,19108,8000,409814
MINOR-D:L501,MINOR INSPECTION,21418,8000,120487
MINOR-D:SR2299,MINOR INSPECTION,19038,8000,301591
MINOR-D:SR2338,MINOR INSPECTION,19104,8000,419252
MINOR-D:SR2338,MINOR INSPECTION,19112,8000,275239
MINOR-D:J520,MINOR INSPECTION,19418,8000,404044
MINOR-D:L501,MINOR INSPECTION,21417,8000,140906
MINOR-D:SR2795,MINOR INSPECTION,24008,8000,8000
MINOR-D:L380,MINOR INSPECTION,9736,8000,992745
MINOR-T:SR1027,MINOR INSPECTION,2158,8000,823247
MINOR-T:SR1027,MINOR INSPECTION,2142,8000,748763
MINOR-T:SR1027,MINOR INSPECTION,2218,8000,809383
MINOR-T:SR1030,MINOR INSPECTION,2520,8000,760383
MINOR-D:L380,MINOR INSPECTION,9745,8000,868112
MINOR-D:L302,MINOR INSPECTION,9688,8000,1012071
MINOR-D:L455,MINOR INSPECTION,9473,8000,867204
MINOR-D:SR648,MINOR INSPECTION,7417,8000,1307388
MINOR-D:L454,MINOR INSPECTION,9415,8000,900535
MINOR-D:SR1095,MINOR INSPECTION,3350,8000,1238120
MINOR-D:L454,MINOR INSPECTION,9416,8000,887034
MINOR-D:L455,MINOR INSPECTION,9491,8000,851987
MINOR-D:SR1123,MINOR INSPECTION,7455,8000,1392186
MINOR-D:L382,MINOR INSPECTION,9784,8000,979013
MINOR-T:SR1293,MINOR INSPECTION,2565,8000,688103
MINOR-D:L301,MINOR INSPECTION,9635,8000,975240
MINOR-D:L454,MINOR INSPECTION,9426,8000,901008
MINOR-D:L302,MINOR INSPECTION,9676,8000,1007890
MINOR-D:L483,MINOR INSPECTION,9525,8000,881797
MINOR-D:L382,MINOR INSPECTION,9783,8000,991161
MINOR-D:L381,MINOR INSPECTION,9767,8000,989868
MINOR-T:SR1030,MINOR INSPECTION,2514,8000,745792
MINOR-D:L301,MINOR INSPECTION,9636,8000,993562
MINOR-T:SR1027,MINOR INSPECTION,2281,8000,750983
MINOR-T:SR1027,MINOR INSPECTION,2258,8000,818879
MINOR-T:SR1030,MINOR INSPECTION,2513,8000,710132
MINOR-D:L533B,MINOR INSPECTION,9573,8000,898013
MINOR-D:L381,MINOR INSPECTION,9758,8000,1008859
MINOR-D:L455,MINOR INSPECTION,9479,8000,825327
MINOR-D:L302,MINOR INSPECTION,9668,8000,1008032
MINOR-T:SR1293,MINOR INSPECTION,2551,8000,648623
MINOR-T:SR1027,MINOR INSPECTION,2193,8000,743991
MINOR-T:SR1293,MINOR INSPECTION,2546,8000,664014
MINOR-D:L341,MINOR INSPECTION,9712,8000,959912
MINOR-T:SR1027,MINOR INSPECTION,2279,8000,797302
MINOR-T:SR1293,MINOR INSPECTION,2571,8000,649490
MINOR-D:L454,MINOR INSPECTION,9458,8000,863099
MINOR-D:L455,MINOR INSPECTION,9481,8000,796960
MINOR-T:SR1027,MINOR INSPECTION,2211,8000,804944
MINOR-T:SR1027,MINOR INSPECTION,2150,8000,735961
MINOR-D:L380,MINOR INSPECTION,9727,8000,963449
MINOR-D:L381,MINOR INSPECTION,9769,8000,1005400
MINOR-T:SR1027,MINOR INSPECTION,2174,8000,790719
MINOR-D:L454,MINOR INSPECTION,9422,8000,828065
MINOR-T:SR1027,MINOR INSPECTION,2187,8000,825175
MINOR-T:SR1027,MINOR INSPECTION,2170,8000,806842
MINOR-D:SR1095,MINOR INSPECTION,3332,8000,1175810
MINOR-T:SR1027,MINOR INSPECTION,2118,8000,821956
MINOR-D:L532,MINOR INSPECTION,9549,8000,885380
MINOR-D:SR1123,MINOR INSPECTION,7472,8000,1365694
MINOR-T:SR1030,MINOR INSPECTION,2507,8000,747519
MINOR-D:L455,MINOR INSPECTION,9478,8000,839775
MINOR-T:SR1027,MINOR INSPECTION,2256,8000,773865
MINOR-D:L301,MINOR INSPECTION,9642,8000,973820
MINOR-T:SR1293,MINOR INSPECTION,2570,8000,613729
MINOR-T:SR1027,MINOR INSPECTION,2252,8000,799952
MINOR-D:L482,MINOR INSPECTION,9503,8000,869898
MINOR-D:L302,MINOR INSPECTION,9689,8000,1047996
MINOR-D:SR1280,MINOR INSPECTION,8133,8000,821604
MINOR-D:L301,MINOR INSPECTION,9644,8000,1002370
MINOR-D:SR1280,MINOR INSPECTION,8145,8000,847552
MINOR-D:L381,MINOR INSPECTION,9772,8000,994671
MINOR-D:SR1123,MINOR INSPECTION,7485,8000,1391768
MINOR-T:SR1027,MINOR INSPECTION,2222,8000,799437
MINOR-D:SR1280,MINOR INSPECTION,8152,8000,820625
MINOR-D:SR1280,MINOR INSPECTION,8126,8000,881709
MINOR-D:SR1095,MINOR INSPECTION,3354,8000,1229198
MINOR-D:SR1095,MINOR INSPECTION,3322,8000,1196156
MINOR-D:L532,MINOR INSPECTION,9550,8000,890095
MINOR-D:SR1178,MINOR INSPECTION,8106,8000,920356
MINOR-D:L301,MINOR INSPECTION,9628,8000,962940
MINOR-D:SR1280,MINOR INSPECTION,8121,8000,849681
MINOR-D:L382,MINOR INSPECTION,9789,8000,1001276
MINOR-D:J520,MINOR INSPECTION,19401,8000,326201
MINOR-D:SR2065,MINOR INSPECTION,16215,8000,413205
MINOR-D:SR1867,MINOR INSPECTION,14028,8000,840330
MINOR-D:SR1867,MINOR INSPECTION,14030,8000,776851
MINOR-D:SR1993,MINOR INSPECTION,16014,8000,527064
MINOR-D:SR2065,MINOR INSPECTION,16221,8000,460309
MINOR-D:SR1993,MINOR INSPECTION,16030,8000,538896
MINOR-D:SR1867,MINOR INSPECTION,14043,8000,737957
MINOR-D:SR1993,MINOR INSPECTION,16039,8000,526948
MINOR-D:SR2021,MINOR INSPECTION,16121,8000,586258
MINOR-D:SR2065,MINOR INSPECTION,16204,8000,450079
MINOR-D:SR1867,MINOR INSPECTION,14011,8000,804109
MINOR-D:SR1993,MINOR INSPECTION,16018,8000,567634
MINOR-D:SR1867,MINOR INSPECTION,14010,8000,843846
MINOR-D:SR2299,MINOR INSPECTION,19020,8000,270480
MINOR-D:SR2338,MINOR INSPECTION,19134,8000,353475
MINOR-D:SR2299,MINOR INSPECTION,19016,8000,321827
MINOR-D:L501,MINOR INSPECTION,21411,8000,168190
MINOR-D:LB31,MINOR INSPECTION,18344,8000,281659
MINOR-D:SR2299,MINOR INSPECTION,19023,8000,323059
MINOR-D:SR2795,MINOR INSPECTION,24010,8000,8000
MINOR-D:SR2757,MINOR INSPECTION,23007,8000,15758
MINOR-D:SR2338,MINOR INSPECTION,19121,8000,290763
MINOR-D:L501,MINOR INSPECTION,21410,8000,169583
MINOR-D:SR2604,MINOR INSPECTION,21012,8000,138085
MINOR-D:SR2338,MINOR INSPECTION,19135,8000,382820
MINOR-D:LB31,MINOR INSPECTION,18354,8000,299471
MINOR-D:SR2299,MINOR INSPECTION,19008,8000,335484
MINOR-D:SR2299,MINOR INSPECTION,19004,8000,323789
MINOR-D:SR2604,MINOR INSPECTION,21006,8000,128576
MINOR-D:SR2338,MINOR INSPECTION,19120,8000,373581
MINOR-D:SR2299,MINOR INSPECTION,19029,8000,304513
MINOR-D:LB31,MINOR INSPECTION,18304,8000,282576
MINOR-D:SR2255,MINOR INSPECTION,18024,8000,295450
MINOR-D:SR2299,MINOR INSPECTION,19014,8000,261393
MINOR-D:L501,MINOR INSPECTION,21406,8000,205298
MINOR-D:LB31,MINOR INSPECTION,18332,8000,306793
MINOR-D:SR2338,MINOR INSPECTION,19125,8000,381036
MINOR-D:LB31,MINOR INSPECTION,18372,8000,318782
MINOR-D:L401,MINOR INSPECTION,9798,8000,927847
MINOR-D:LB31,MINOR INSPECTION,18401,8000,304683
MINOR-D:SR2338,MINOR INSPECTION,19140,8000,343444
MINOR-T:SR1027,MINOR INSPECTION,2194,8000,774488
MINOR-T:SR1027,MINOR INSPECTION,2144,8000,811043
MINOR-D:SR1659,MINOR INSPECTION,12022,8000,653703
MINOR-D:SR1095A,MINOR INSPECTION,3356,8000,1166276
MINOR-D:J520,MINOR INSPECTION,19428,8000,569705
MINOR-D:L454,MINOR INSPECTION,9460,8000,846703
MINOR-D:L382,MINOR INSPECTION,9782,8000,992007
MINOR-D:SR1659,MINOR INSPECTION,12024,8000,622021
MINOR-D:L483,MINOR INSPECTION,9521,8000,877953
MINOR-T:SR1293,MINOR INSPECTION,2574,8000,539650
MINOR-T:SR1027,MINOR INSPECTION,2151,8000,816238
MINOR-D:L301,MINOR INSPECTION,9624,8000,1023149
MINOR-D:L533C,MINOR INSPECTION,9556,8000,913084
MINOR-D:SR1095,MINOR INSPECTION,3319,8000,1199290
MINOR-D:J520,MINOR INSPECTION,19424,8000,605511
MINOR-T:SR1030,MINOR INSPECTION,2535,8000,745292
MINOR-D:SR1123,MINOR INSPECTION,7488,8000,1364254
MINOR-D:SR2021,MINOR INSPECTION,16138,8000,174988
MINOR-D:L533,MINOR INSPECTION,9565,8000,909246
MINOR-D:SR1659,MINOR INSPECTION,12017,8000,661391
MINOR-D:SR1659,MINOR INSPECTION,12019,8000,663509
MINOR-D:J520,MINOR INSPECTION,19408,8000,581375
MINOR-D:1314A,MINOR INSPECTION,9283,8000,1491164
MINOR-D:SR1659,MINOR INSPECTION,12011,8000,680826
MINOR-D:SR648,MINOR INSPECTION,7428,8000,1244963
MINOR-T:SR1030,MINOR INSPECTION,2522,8000,714559
MINOR-D:L483,MINOR INSPECTION,9519,8000,807562
MINOR-D:SR1178,MINOR INSPECTION,8115,8000,978375
MINOR-D:SR1659,MINOR INSPECTION,12013,8000,704889
MINOR-D:SR1659,MINOR INSPECTION,12009,8000,667133
MINOR-T:SR1027,MINOR INSPECTION,2228,8000,589359
MINOR-D:L380,MINOR INSPECTION,9729,8000,1033549
MINOR-D:SR2743,MINOR INSPECTION,22013,8000,23228
MINOR-D:LB31,MINOR INSPECTION,18374,8000,283433
MINOR-D:LB31,MINOR INSPECTION,18302,8000,289882
MINOR-D:LB32,MINOR INSPECTION,18465,8000,477464
MINOR-D:SR2210,MINOR INSPECTION,18144,8000,492148
MINOR-D:LB31,MINOR INSPECTION,18319,8000,292126
MINOR-D:LB31,MINOR INSPECTION,18348,8000,304950
MINOR-D:SR2210,MINOR INSPECTION,18158,8000,495419
MINOR-D:LB32,MINOR INSPECTION,18468,8000,483184
MINOR-D:SR2210,MINOR INSPECTION,18115,8000,492749
MINOR-D:LB31,MINOR INSPECTION,18310,8000,304036
MINOR-D:LB31,MINOR INSPECTION,18371,8000,283369
MINOR-D:SR2210,MINOR INSPECTION,18197,8000,459768
MINOR-D:SR2210,MINOR INSPECTION,18143,8000,481393
MINOR-D:SR2255,MINOR INSPECTION,18030,8000,283774
MINOR-D:SR2210,MINOR INSPECTION,18103,8000,518879
MINOR-D:SR2210,MINOR INSPECTION,18131,8000,496985
MINOR-D:SR2210,MINOR INSPECTION,18201,8000,461096
MINOR-D:SR2743,MINOR INSPECTION,22007,8000,8001
MINOR-D:LB31,MINOR INSPECTION,18373,8000,309778
MINOR-D:SR2255,MINOR INSPECTION,18021,8000,341790
MINOR-D:SR2210,MINOR INSPECTION,18134,8000,512152
MINOR-D:SR2210,MINOR INSPECTION,18204,8000,475883
MINOR-D:SR2210,MINOR INSPECTION,18145,8000,497504
MINOR-D:LB31,MINOR INSPECTION,18307,8000,268244
MINOR-D:LB31,MINOR INSPECTION,18358,8000,287511
MINOR-D:SR2255,MINOR INSPECTION,18026,8000,347775
MINOR-D:SR2210,MINOR INSPECTION,18146,8000,483239
MINOR-D:SR2255,MINOR INSPECTION,18004,8000,338988
MINOR-D:SR2210,MINOR INSPECTION,18157,8000,456082
MINOR-D:LB31,MINOR INSPECTION,18347,8000,300207
MINOR-D:SR2210,MINOR INSPECTION,18150,8000,502310
MINOR-D:LB31,MINOR INSPECTION,18345,8000,208289
MINOR-D:SR2255,MINOR INSPECTION,18053,8000,301238
MINOR-D:SR2255,MINOR INSPECTION,18017,8000,371071
MINOR-D:LF60,MINOR INSPECTION,24126,8000,8000
MINOR-D:LE14,MINOR INSPECTION,23212,8000,8000
MINOR-D:SR2795,MINOR INSPECTION,24015,8000,8000
MINOR-D:LF60,MINOR INSPECTION,24106,8000,8000
MINOR-D:LF60,MINOR INSPECTION,24144,8000,8000
MINOR-D:SR2757,MINOR INSPECTION,23004,8000,8001
MINOR-D:J520,MINOR INSPECTION,19429,8000,556870
MINOR-D:LE14,MINOR INSPECTION,23205,8000,8000
MINOR-D:J520,MINOR INSPECTION,19407,8000,546887
MINOR-D:J520,MINOR INSPECTION,19431,8000,537601
MINOR-T:SR1027,MINOR INSPECTION,2157,8000,823337
MINOR-D:SR1095A,MINOR INSPECTION,3348,8000,1158380
MINOR-T:SR1027,MINOR INSPECTION,2216,8000,817491
MINOR-D:SR1659,MINOR INSPECTION,12014,8000,671655
MINOR-D:SR1123,MINOR INSPECTION,7447,8000,1320838
MINOR-D:SR1123,MINOR INSPECTION,7468,8000,1411728
MINOR-D:L301,MINOR INSPECTION,9621,8000,948986
MINOR-T:SR1027,MINOR INSPECTION,2153,8000,808523
MINOR-D:L454,MINOR INSPECTION,9467,8000,881821
MINOR-D:SR1123,MINOR INSPECTION,7496,8000,1329384
MINOR-D:L302,MINOR INSPECTION,9650,8000,971564
MINOR-D:L380,MINOR INSPECTION,9728,8000,903609
MINOR-D:L382,MINOR INSPECTION,9785,8000,989811
MINOR-D:SR1095,MINOR INSPECTION,3309,8000,1214537
MINOR-D:SR2021,MINOR INSPECTION,16135,8000,171050
MINOR-D:L380,MINOR INSPECTION,9734,8000,991468
MINOR-T:SR1027,MINOR INSPECTION,2143,8000,763281
MINOR-T:SR1027,MINOR INSPECTION,2280,8000,802567
MINOR-T:SR1030,MINOR INSPECTION,2503,8000,564102
MINOR-T:SR1027,MINOR INSPECTION,2136,8000,792361
MINOR-D:L483,MINOR INSPECTION,9522,8000,845952
MINOR-D:L302,MINOR INSPECTION,9684,8000,961346
MINOR-D:SR1659,MINOR INSPECTION,12016,8000,685392
MINOR-D:SR1123,MINOR INSPECTION,7499,8000,1365771
MINOR-D:1314A,MINOR INSPECTION,9280,8000,1495265
MINOR-D:L454,MINOR INSPECTION,9411,8000,870084
MINOR-D:L302,MINOR INSPECTION,9697,8000,1002195
MINOR-D:SR375,MINOR INSPECTION,7112,8000,1102537
MINOR-D:SR1095,MINOR INSPECTION,3357,8000,1232699
MINOR-T:SR1027,MINOR INSPECTION,2226,8000,825935
MINOR-D:SR1659,MINOR INSPECTION,12025,8000,656053
MINOR-D:SR2210,MINOR INSPECTION,18122,8000,506544
MINOR-D:SR2255,MINOR INSPECTION,18036,8000,350847
MINOR-D:LB31,MINOR INSPECTION,18362,8000,293273
MINOR-D:LB31,MINOR INSPECTION,18355,8000,302704
MINOR-D:SR2210,MINOR INSPECTION,18183,8000,462807
MINOR-D:LB31,MINOR INSPECTION,18392,8000,306712
MINOR-D:LB31,MINOR INSPECTION,18338,8000,311405
MINOR-D:LB31,MINOR INSPECTION,18323,8000,322509
MINOR-D:SR2604,MINOR INSPECTION,21018,8000,93134
MINOR-D:SR2210,MINOR INSPECTION,18137,8000,513543
MINOR-D:SR2210,MINOR INSPECTION,18159,8000,475124
MINOR-D:SR2210,MINOR INSPECTION,18142,8000,472337
MINOR-D:LB31,MINOR INSPECTION,18356,8000,289340
MINOR-D:SR2604,MINOR INSPECTION,21002,8000,151566
MINOR-D:SR2210,MINOR INSPECTION,18198,8000,458754
MINOR-D:SR2255,MINOR INSPECTION,18057,8000,288277
MINOR-D:SR2210,MINOR INSPECTION,18108,8000,505555
MINOR-D:SR2210,MINOR INSPECTION,18102,8000,513055
MINOR-D:SR2743,MINOR INSPECTION,22001,8000,38972
MINOR-D:J520,MINOR INSPECTION,19412,8000,542949
MINOR-D:SR2210,MINOR INSPECTION,18171,8000,445725
MINOR-D:SR2210,MINOR INSPECTION,18184,8000,494717
MINOR-D:SR2210,MINOR INSPECTION,18126,8000,490344
MINOR-D:SR2210,MINOR INSPECTION,18151,8000,474426
MINOR-D:LB32,MINOR INSPECTION,18461,8000,498032
MINOR-D:SR2210,MINOR INSPECTION,18123,8000,470150
MINOR-D:LB31,MINOR INSPECTION,18314,8000,280513
MINOR-D:SR2743,MINOR INSPECTION,22003,8000,8001
MINOR-D:SR2210,MINOR INSPECTION,18160,8000,447907
MINOR-D:LB31,MINOR INSPECTION,18320,8000,314156
MINOR-D:SR2210,MINOR INSPECTION,18149,8000,464389
MINOR-D:SR2210,MINOR INSPECTION,18132,8000,506497
MINOR-D:SR2210,MINOR INSPECTION,18175,8000,459885
MINOR-D:SR2210,MINOR INSPECTION,18101,8000,455128
MINOR-D:SR2255,MINOR INSPECTION,18008,8000,348004
MINOR-D:SR2210,MINOR INSPECTION,18147,8000,476550
MINOR-D:SR2255,MINOR INSPECTION,18038,8000,385945
MINOR-D:SR2255,MINOR INSPECTION,18027,8000,312808
MINOR-D:SR2255,MINOR INSPECTION,18052,8000,329837
MINOR-D:LB31,MINOR INSPECTION,18311,8000,261006
MINOR-D:SR2210,MINOR INSPECTION,18203,8000,472595
MINOR-D:SR2210,MINOR INSPECTION,18109,8000,478186
MINOR-D:LB32,MINOR INSPECTION,18466,8000,479530
MINOR-D:LE14,MINOR INSPECTION,23208,8000,8000
MINOR-D:LF60,MINOR INSPECTION,24118,8000,8000
MINOR-D:LF60,MINOR INSPECTION,24117,8000,8000
MINOR-D:LF60,MINOR INSPECTION,24137,8000,8000
MINOR-D:LE14,MINOR INSPECTION,23210,8000,8000
MINOR-D:LF60,MINOR INSPECTION,24110,8000,8000
MINOR-D:LF60,MINOR INSPECTION,24148,8000,8000
MINOR-D:LE14,MINOR INSPECTION,23211,8000,8000
MINOR-D:LF60,MINOR INSPECTION,24107,8000,8000
MINOR-D:LF60,MINOR INSPECTION,24123,8000,8000
MINOR-D:LF60,MINOR INSPECTION,24101,8000,8000
MINOR-D:LF60,MINOR INSPECTION,24121,8000,8000
MINOR-D:LF60,MINOR INSPECTION,24131,8000,8000
MINOR-D:J520,MINOR INSPECTION,19417,8000,522706
MINOR-D:L382,MINOR INSPECTION,9787,8000,905493
MINOR-D:L532,MINOR INSPECTION,9548,8000,831748
MINOR-D:SR1123,MINOR INSPECTION,7453,8000,1385227
MINOR-D:SR1095,MINOR INSPECTION,3311,8000,1208718
MINOR-T:SR1027,MINOR INSPECTION,2277,8000,781218
MINOR-D:SR1280,MINOR INSPECTION,8139,8000,850641
MINOR-D:SR1280,MINOR INSPECTION,8134,8000,902346
MINOR-D:SR1178,MINOR INSPECTION,8108,8000,1002590
MINOR-D:SR648,MINOR INSPECTION,7409,8000,1352069
MINOR-D:SR2021,MINOR INSPECTION,16131,8000,175862
MINOR-D:SR2604,MINOR INSPECTION,21001,8000,150814
MINOR-T:SR1027,MINOR INSPECTION,2243,8000,734847
MINOR-D:L482,MINOR INSPECTION,9494,8000,885409
MINOR-D:SR1123,MINOR INSPECTION,7503,8000,1365700
MINOR-D:SR1095,MINOR INSPECTION,3334,8000,1294402
MINOR-D:L482,MINOR INSPECTION,9502,8000,833770
MINOR-D:LB74,MINOR INSPECTION,19302,8000,103029
MINOR-D:L341,MINOR INSPECTION,9710,8000,956085
MINOR-D:L301,MINOR INSPECTION,9608,8000,992955
MINOR-D:L455,MINOR INSPECTION,9477,8000,850370
MINOR-T:SR1027,MINOR INSPECTION,2147,8000,664501
MINOR-T:SR1030,MINOR INSPECTION,2536,8000,697246
MINOR-D:L483,MINOR INSPECTION,9540,8000,837397
MINOR-T:SR1030,MINOR INSPECTION,2509,8000,781079
MINOR-T:SR1293,MINOR INSPECTION,2553,8000,686830
MINOR-D:SR1280,MINOR INSPECTION,8131,8000,871382
MINOR-D:L381,MINOR INSPECTION,9776,8000,1004097
MINOR-T:SR1027,MINOR INSPECTION,2250,8000,760639
MINOR-T:SR1027,MINOR INSPECTION,2251,8000,811293
MINOR-D:SR1123,MINOR INSPECTION,7498,8000,1339128
MINOR-D:L381,MINOR INSPECTION,9773,8000,993102
MINOR-D:SR1280,MINOR INSPECTION,8124,8000,845837
MINOR-D:L301,MINOR INSPECTION,9618,8000,976416
MINOR-D:SR1123,MINOR INSPECTION,7457,8000,1346188
MINOR-D:L301,MINOR INSPECTION,9610,8000,938663
MINOR-D:SR1280,MINOR INSPECTION,8127,8000,878798
MINOR-D:L301,MINOR INSPECTION,9639,8000,985738
MINOR-D:1147A,MINOR INSPECTION,9228,8000,1665864
MINOR-T:SR1030,MINOR INSPECTION,2531,8000,768960
MINOR-T:SR1027,MINOR INSPECTION,2185,8000,770614
MINOR-D:J520,MINOR INSPECTION,19415,8000,456202
MINOR-D:L534,MINOR INSPECTION,9575,8000,839302
MINOR-D:L302,MINOR INSPECTION,9654,8000,985952
MINOR-T:SR1027,MINOR INSPECTION,2287,8000,784599
MINOR-D:L380,MINOR INSPECTION,9735,8000,1010987
MINOR-D:L302,MINOR INSPECTION,9653,8000,978998
MINOR-D:SR2021,MINOR INSPECTION,16107,8000,587745
MINOR-D:L454,MINOR INSPECTION,9405,8000,848548
MINOR-D:SR1280,MINOR INSPECTION,8128,8000,885564
MINOR-T:SR1027,MINOR INSPECTION,2278,8000,746812
MINOR-T:SR1027,MINOR INSPECTION,2128,8000,782325
MINOR-T:SR1293,MINOR INSPECTION,2555,8000,689681
MINOR-T:SR1027,MINOR INSPECTION,2159,8000,756650
MINOR-D:SR1123,MINOR INSPECTION,7484,8000,1375097
MINOR-D:L380,MINOR INSPECTION,9747,8000,995024
MINOR-D:SR1280,MINOR INSPECTION,8141,8000,838083
MINOR-D:SR1095,MINOR INSPECTION,3345,8000,1264929
MINOR-D:SR2021,MINOR INSPECTION,16105,8000,593775
MINOR-D:1314A,MINOR INSPECTION,9284,8000,1523331
MINOR-D:L483,MINOR INSPECTION,9534,8000,880293
MINOR-T:SR1027,MINOR INSPECTION,2264,8000,748829
MINOR-D:L454,MINOR INSPECTION,9455,8000,821240
MINOR-D:SR1178,MINOR INSPECTION,8110,8000,980283
MINOR-D:L534,MINOR INSPECTION,9580,8000,896944
MINOR-D:L301,MINOR INSPECTION,9629,8000,996784
MINOR-T:SR1027,MINOR INSPECTION,2140,8000,762964
MINOR-D:SR1095,MINOR INSPECTION,3329,8000,1229211
MINOR-D:L302,MINOR INSPECTION,9678,8000,1023745
MINOR-D:SR1095,MINOR INSPECTION,3324,8000,1169244
MINOR-T:SR1027,MINOR INSPECTION,2120,8000,716599
MINOR-T:SR1027,MINOR INSPECTION,2239,8000,746877
MINOR-D:SR1123,MINOR INSPECTION,7495,8000,1396158
MINOR-D:L454,MINOR INSPECTION,9456,8000,862001
MINOR-T:SR1030,MINOR INSPECTION,2538,8000,731803
MINOR-D:SR1123,MINOR INSPECTION,7456,8000,1368537
MINOR-T:SR1030,MINOR INSPECTION,2527,8000,750424
MINOR-T:SR1027,MINOR INSPECTION,2115,8000,769045
MINOR-D:L381,MINOR INSPECTION,9759,8000,985231
MINOR-D:SR1123,MINOR INSPECTION,7478,8000,1320198
MINOR-D:L380,MINOR INSPECTION,9739,8000,979578
MINOR-D:L534,MINOR INSPECTION,9589,8000,899811
MINOR-D:L532,MINOR INSPECTION,9547,8000,881693
MINOR-D:L454,MINOR INSPECTION,9423,8000,884221
MINOR-D:SR1867,MINOR INSPECTION,14004,8000,810424
MINOR-D:SR2065,MINOR INSPECTION,16212,8000,401696
MINOR-D:SR1993,MINOR INSPECTION,16001,8000,469268
MINOR-D:SR2021,MINOR INSPECTION,16120,8000,568506
MINOR-D:SR2065,MINOR INSPECTION,16224,8000,469173
MINOR-D:SR1993,MINOR INSPECTION,16040,8000,504851
MINOR-D:SR2021,MINOR INSPECTION,16137,8000,532171
MINOR-D:SR2021,MINOR INSPECTION,16102,8000,523409
MINOR-D:SR1867,MINOR INSPECTION,14038,8000,753310
MINOR-D:SR2021,MINOR INSPECTION,16124,8000,580305
MINOR-D:SR1867,MINOR INSPECTION,14019,8000,763986
MINOR-D:SR1867,MINOR INSPECTION,14008,8000,801522
MINOR-D:SR1993,MINOR INSPECTION,16046,8000,546852
MINOR-D:SR1867,MINOR INSPECTION,14037,8000,756024
MINOR-D:SR2021,MINOR INSPECTION,16119,8000,582498
MINOR-D:SR1993,MINOR INSPECTION,16016,8000,540810
MINOR-D:SR1867,MINOR INSPECTION,14018,8000,812404
MINOR-D:SR1867,MINOR INSPECTION,14044,8000,731511
MINOR-D:SR1993,MINOR INSPECTION,16026,8000,518722
MINOR-D:SR1993,MINOR INSPECTION,16002,8000,468110
MINOR-D:SR1867,MINOR INSPECTION,14006,8000,846517
MINOR-D:SR1993,MINOR INSPECTION,16011,8000,520358
MINOR-D:SR1867,MINOR INSPECTION,14007,8000,735807
MINOR-D:SR2021,MINOR INSPECTION,16103,8000,585881
MINOR-D:LB31,MINOR INSPECTION,18329,8000,292494
MINOR-D:SR2299,MINOR INSPECTION,19018,8000,308763
MINOR-D:L501,MINOR INSPECTION,21419,8000,149857
MINOR-D:J520,MINOR INSPECTION,19416,8000,566970
MINOR-D:SR2255,MINOR INSPECTION,18062,8000,334409
MINOR-D:SR2338,MINOR INSPECTION,19142,8000,354363
MINOR-D:SR2338,MINOR INSPECTION,19139,8000,355650
MINOR-D:SR2338,MINOR INSPECTION,19110,8000,401354
MINOR-D:L501,MINOR INSPECTION,21404,8000,150750
MINOR-D:SR2338,MINOR INSPECTION,19111,8000,363978
MINOR-D:L501,MINOR INSPECTION,21405,8000,191716
MINOR-D:SR2604,MINOR INSPECTION,21011,8000,106727
MINOR-D:LB31,MINOR INSPECTION,18379,8000,324253
MINOR-D:LB31,MINOR INSPECTION,18394,8000,305468
MINOR-D:SR2795,MINOR INSPECTION,24004,8000,8000
MINOR-D:SR2338,MINOR INSPECTION,19144,8000,335758
MINOR-D:SR2255,MINOR INSPECTION,18063,8000,392618
MINOR-D:LB31,MINOR INSPECTION,18395,8000,283032
MINOR-D:LB31,MINOR INSPECTION,18330,8000,233194
MINOR-D:SR2299,MINOR INSPECTION,19007,8000,343105
MINOR-D:LB31,MINOR INSPECTION,18316,8000,284900
MINOR-D:SR2299,MINOR INSPECTION,19026,8000,311915
MINOR-D:SR2299,MINOR INSPECTION,19043,8000,296434
MINOR-D:L501,MINOR INSPECTION,21422,8000,128836
MINOR-D:L501,MINOR INSPECTION,21401,8000,218582
MINOR-D:L501,MINOR INSPECTION,21413,8000,157745
MINOR-D:L501,MINOR INSPECTION,21409,8000,132430
MINOR-D:SR2757,MINOR INSPECTION,23003,8000,23373
MINOR-D:LB31,MINOR INSPECTION,18334,8000,293508
MINOR-D:LB31,MINOR INSPECTION,18403,8000,280952
MINOR-D:SR1123,MINOR INSPECTION,7467,8000,1345454
MINOR-D:L381,MINOR INSPECTION,9754,8000,1025145
MINOR-D:L454,MINOR INSPECTION,9430,8000,892371
MINOR-D:SR1123,MINOR INSPECTION,7449,8000,1385042
MINOR-T:SR1027,MINOR INSPECTION,2177,8000,789076
MINOR-D:L454,MINOR INSPECTION,9434,8000,868282
MINOR-D:L533,MINOR INSPECTION,9561,8000,887877
MINOR-D:J520,MINOR INSPECTION,19411,8000,565069
MINOR-D:SR1280,MINOR INSPECTION,8148,8000,853255
MINOR-D:L301,MINOR INSPECTION,9632,8000,994818
MINOR-D:L483,MINOR INSPECTION,9518,8000,830506
MINOR-D:L532,MINOR INSPECTION,9546,8000,871578
MINOR-T:SR1027,MINOR INSPECTION,2139,8000,786544
MINOR-T:SR1027,MINOR INSPECTION,2249,8000,820651
MINOR-D:L533,MINOR INSPECTION,9558,8000,889564
MINOR-T:SR1030,MINOR INSPECTION,2526,8000,717823
MINOR-D:L302,MINOR INSPECTION,9671,8000,921928
MINOR-T:SR1027,MINOR INSPECTION,2247,8000,830773
MINOR-D:L302,MINOR INSPECTION,9695,8000,1054066
MINOR-D:SR1095,MINOR INSPECTION,3310,8000,1255403
MINOR-T:SR1030,MINOR INSPECTION,2534,8000,712959
MINOR-D:L301,MINOR INSPECTION,9626,8000,1001105
MINOR-D:SR729,MINOR INSPECTION,7443,8000,1399229
MINOR-D:L302,MINOR INSPECTION,9696,8000,1023392
MINOR-T:SR1293,MINOR INSPECTION,2559,8000,688912
MINOR-D:J520,MINOR INSPECTION,19425,8000,533530
MINOR-D:L454,MINOR INSPECTION,9446,8000,890717
MINOR-D:L301,MINOR INSPECTION,9617,8000,977956
MINOR-D:SR1095,MINOR INSPECTION,3326,8000,1258261
MINOR-D:SR1123,MINOR INSPECTION,7458,8000,1354017
MINOR-D:L381,MINOR INSPECTION,9765,8000,1016282
MINOR-D:SR1280,MINOR INSPECTION,8122,8000,898690
MINOR-T:SR1030,MINOR INSPECTION,2529,8000,745757
MINOR-D:L380,MINOR INSPECTION,9733,8000,1011841
MINOR-T:SR1030,MINOR INSPECTION,2521,8000,759065
MINOR-D:SR1095,MINOR INSPECTION,3343,8000,1195131
MINOR-D:L381,MINOR INSPECTION,9764,8000,965499
MINOR-D:L482,MINOR INSPECTION,9506,8000,761591
MINOR-D:SR2021,MINOR INSPECTION,16128,8000,579114
MINOR-D:SR1123,MINOR INSPECTION,7464,8000,1350435
MINOR-D:L381,MINOR INSPECTION,9763,8000,946993
MINOR-T:SR1027,MINOR INSPECTION,2182,8000,815594
MINOR-T:SR1030,MINOR INSPECTION,2512,8000,694197
MINOR-T:SR1030,MINOR INSPECTION,2516,8000,741286
MINOR-D:L302,MINOR INSPECTION,9659,8000,960609
MINOR-D:L301,MINOR INSPECTION,9620,8000,983908
MINOR-D:SR2021,MINOR INSPECTION,16115,8000,585762
MINOR-T:SR1027,MINOR INSPECTION,2105,8000,760881
MINOR-D:L380,MINOR INSPECTION,9742,8000,981451
MINOR-D:J520,MINOR INSPECTION,19422,8000,538063
MINOR-T:SR1030,MINOR INSPECTION,2515,8000,742581
MINOR-T:SR1027,MINOR INSPECTION,2125,8000,803896
MINOR-D:SR2021,MINOR INSPECTION,16113,8000,584422
MINOR-T:SR1027,MINOR INSPECTION,2223,8000,700811
MINOR-D:L454,MINOR INSPECTION,9438,8000,861892
MINOR-D:L341,MINOR INSPECTION,9717,8000,962873
MINOR-T:SR1027,MINOR INSPECTION,2240,8000,754181
MINOR-T:SR1030,MINOR INSPECTION,2539,8000,739532
MINOR-D:L483,MINOR INSPECTION,9531,8000,866124
MINOR-D:L381,MINOR INSPECTION,9771,8000,958762
MINOR-D:SR2021,MINOR INSPECTION,16104,8000,593819
MINOR-D:SR1123,MINOR INSPECTION,7450,8000,1373234
MINOR-T:SR1030,MINOR INSPECTION,2533,8000,730398
MINOR-D:L381,MINOR INSPECTION,9752,8000,998275
MINOR-D:L454,MINOR INSPECTION,9413,8000,871386
MINOR-D:L454,MINOR INSPECTION,9418,8000,903794
MINOR-D:SR1280,MINOR INSPECTION,8149,8000,842396
MINOR-T:SR1293,MINOR INSPECTION,2563,8000,670596
MINOR-D:L482,MINOR INSPECTION,9511,8000,825654
MINOR-D:L382,MINOR INSPECTION,9790,8000,980739
MINOR-D:L301,MINOR INSPECTION,9647,8000,934614
MINOR-D:L533,MINOR INSPECTION,9566,8000,919976
MINOR-D:L301,MINOR INSPECTION,9609,8000,991904
MINOR-D:SR2021,MINOR INSPECTION,16132,8000,187329
MINOR-D:L302,MINOR INSPECTION,9705,8000,956004
MINOR-D:L454,MINOR INSPECTION,9466,8000,904152
MINOR-D:SR2743,MINOR INSPECTION,22015,8000,15500
MINOR-D:SR1095,MINOR INSPECTION,3317,8000,1217208
MINOR-D:SR1095,MINOR INSPECTION,3355,8000,1206904
MINOR-D:SR1280,MINOR INSPECTION,8119,8000,858620
MINOR-D:L483,MINOR INSPECTION,9537,8000,798784
MINOR-T:SR1027,MINOR INSPECTION,2192,8000,824552
MINOR-T:SR1027,MINOR INSPECTION,2186,8000,798552
MINOR-T:SR1027,MINOR INSPECTION,2111,8000,784386
MINOR-D:SR1867,MINOR INSPECTION,14027,8000,773583
MINOR-D:SR1867,MINOR INSPECTION,14005,8000,845775
MINOR-D:J520,MINOR INSPECTION,19427,8000,574713
MINOR-D:SR1867,MINOR INSPECTION,14042,8000,670458
MINOR-D:SR1993,MINOR INSPECTION,16004,8000,544909
MINOR-D:SR1867,MINOR INSPECTION,14017,8000,782172
MINOR-D:SR1993,MINOR INSPECTION,16005,8000,547559
MINOR-D:SR1867,MINOR INSPECTION,14001,8000,746467
MINOR-D:SR1867,MINOR INSPECTION,14015,8000,828880
MINOR-D:SR1867,MINOR INSPECTION,14031,8000,789945
MINOR-D:SR1993,MINOR INSPECTION,16031,8000,523574
MINOR-D:SR1867,MINOR INSPECTION,14036,8000,775513
MINOR-D:SR1867,MINOR INSPECTION,14039,8000,747159
MINOR-D:SR1867,MINOR INSPECTION,14020,8000,787331
MINOR-D:SR1867,MINOR INSPECTION,14014,8000,832622
MINOR-D:SR1993,MINOR INSPECTION,16027,8000,564238
MINOR-D:SR1867,MINOR INSPECTION,14040,8000,755078
MINOR-D:SR1993,MINOR INSPECTION,16028,8000,544633
MINOR-D:SR2604,MINOR INSPECTION,21003,8000,132025
MINOR-D:SR2338,MINOR INSPECTION,19101,8000,409985
MINOR-D:SR2338,MINOR INSPECTION,19119,8000,395195
MINOR-D:LB31,MINOR INSPECTION,18399,8000,296774
MINOR-D:SR2604,MINOR INSPECTION,21025,8000,95558
MINOR-D:SR2255,MINOR INSPECTION,18031,8000,361503
MINOR-D:SR2757,MINOR INSPECTION,23013,8000,8001
MINOR-D:SR2743,MINOR INSPECTION,22009,8000,8001
MINOR-D:SR2299,MINOR INSPECTION,19031,8000,286614
MINOR-D:SR2795,MINOR INSPECTION,24011,8000,8000
MINOR-D:SR2338,MINOR INSPECTION,19126,8000,396047
MINOR-D:SR2299,MINOR INSPECTION,19025,8000,294467
MINOR-D:L501,MINOR INSPECTION,21412,8000,155218
MINOR-D:LB31,MINOR INSPECTION,18303,8000,288358
MINOR-D:LE13,MINOR INSPECTION,23201,8000,31466
MINOR-D:L501,MINOR INSPECTION,21402,8000,165563
MINOR-D:LB31,MINOR INSPECTION,18327,8000,273873
MINOR-D:SR2338,MINOR INSPECTION,19107,8000,402745
MINOR-D:L501,MINOR INSPECTION,21421,8000,153350
MINOR-D:SR2299,MINOR INSPECTION,19021,8000,303755
MINOR-D:SR2338,MINOR INSPECTION,19123,8000,369987
MINOR-D:SR2255,MINOR INSPECTION,18046,8000,469739
MINOR-D:SR2299,MINOR INSPECTION,19012,8000,295410
MINOR-D:SR2338,MINOR INSPECTION,19130,8000,395096
MINOR-D:SR2338,MINOR INSPECTION,19133,8000,398217
MINOR-D:SR2795,MINOR INSPECTION,24001,8000,8000
MINOR-D:LB32,MINOR INSPECTION,18453,8000,461156
MINOR-D:SR2338,MINOR INSPECTION,19138,8000,362545
MINOR-D:SR2299,MINOR INSPECTION,19041,8000,271619
MINOR-D:SR1280,MINOR INSPECTION,8135,8000,885632
MINOR-D:SR2757,MINOR INSPECTION,23002,8000,8001
MINOR-D:SR2338,MINOR INSPECTION,19116,8000,394838
MINOR-D:SR2795,MINOR INSPECTION,24007,8000,8000
MINOR-T:SR1027,MINOR INSPECTION,2146,8000,811619
MINOR-T:SR1027,MINOR INSPECTION,2225,8000,801031
MINOR-D:L302,MINOR INSPECTION,9658,8000,966788
MINOR-T:SR1027,MINOR INSPECTION,2229,8000,806770
MINOR-T:SR1027,MINOR INSPECTION,2199,8000,806116
MINOR-T:SR1293,MINOR INSPECTION,2549,8000,666088
MINOR-D:L302,MINOR INSPECTION,9691,8000,982099
MINOR-D:SR1280,MINOR INSPECTION,8146,8000,880782
MINOR-D:SR1178,MINOR INSPECTION,8107,8000,914596
MINOR-D:L381,MINOR INSPECTION,9755,8000,1019216
MINOR-T:SR1027,MINOR INSPECTION,2232,8000,784552
MINOR-T:SR1027,MINOR INSPECTION,2234,8000,769685
MINOR-D:L533C,MINOR INSPECTION,9554,8000,867484
MINOR-D:L454,MINOR INSPECTION,9441,8000,926606
MINOR-T:SR1027,MINOR INSPECTION,2113,8000,815485
MINOR-D:L534,MINOR INSPECTION,9583,8000,904447
MINOR-D:L483,MINOR INSPECTION,9532,8000,819795
MINOR-T:SR1030,MINOR INSPECTION,2506,8000,633545
MINOR-T:SR1027,MINOR INSPECTION,2215,8000,786011
MINOR-D:SR1178,MINOR INSPECTION,8105,8000,925417
MINOR-D:L533C,MINOR INSPECTION,9552,8000,923718
MINOR-T:SR1027,MINOR INSPECTION,2221,8000,761294
MINOR-D:SR648,MINOR INSPECTION,7413,8000,1270374
MINOR-T:SR1293,MINOR INSPECTION,2564,8000,693066
MINOR-D:SR1123,MINOR INSPECTION,7452,8000,1377697
MINOR-T:SR1027,MINOR INSPECTION,2131,8000,718623
MINOR-T:SR1027,MINOR INSPECTION,2269,8000,792370
MINOR-D:SR2021,MINOR INSPECTION,16116,8000,586829
MINOR-D:SR2210,MINOR INSPECTION,18110,8000,450073
MINOR-D:LB31,MINOR INSPECTION,18331,8000,316039
MINOR-D:SR2210,MINOR INSPECTION,18182,8000,491467
MINOR-D:LB31,MINOR INSPECTION,18389,8000,289006
MINOR-D:LB31,MINOR INSPECTION,18369,8000,315238
MINOR-D:SR2210,MINOR INSPECTION,18166,8000,472163
MINOR-D:SR2210,MINOR INSPECTION,18106,8000,523505
MINOR-D:SR2210,MINOR INSPECTION,18155,8000,461836
MINOR-D:SR2255,MINOR INSPECTION,18003,8000,352321
MINOR-D:SR2210,MINOR INSPECTION,18199,8000,454830
MINOR-D:SR2210,MINOR INSPECTION,18172,8000,474437
MINOR-D:SR2210,MINOR INSPECTION,18205,8000,454138
MINOR-D:SR2210,MINOR INSPECTION,18173,8000,454767
MINOR-D:LB31,MINOR INSPECTION,18361,8000,295365
MINOR-D:SR2210,MINOR INSPECTION,18105,8000,455385
MINOR-D:SR2210,MINOR INSPECTION,18169,8000,485479
MINOR-D:LB32,MINOR INSPECTION,18473,8000,510652
MINOR-D:SR2604,MINOR INSPECTION,21004,8000,123978
MINOR-D:SR2743,MINOR INSPECTION,22008,8000,38127
MINOR-D:LB31,MINOR INSPECTION,18353,8000,315692
MINOR-D:LB31,MINOR INSPECTION,18340,8000,314904
MINOR-D:LB31,MINOR INSPECTION,18306,8000,298350
MINOR-D:LB31,MINOR INSPECTION,18393,8000,296094
MINOR-D:SR2255,MINOR INSPECTION,18059,8000,330465
MINOR-D:SR2210,MINOR INSPECTION,18136,8000,472772
MINOR-D:LB31,MINOR INSPECTION,18365,8000,293557
MINOR-D:SR2255,MINOR INSPECTION,18045,8000,444327
MINOR-D:SR2604,MINOR INSPECTION,21022,8000,114757
MINOR-D:LB31,MINOR INSPECTION,18366,8000,295668
MINOR-D:LB31,MINOR INSPECTION,18378,8000,278895
MINOR-D:SR2255,MINOR INSPECTION,18055,8000,463038
MINOR-D:SR2210,MINOR INSPECTION,18111,8000,480786
MINOR-D:SR2210,MINOR INSPECTION,18156,8000,484607
MINOR-D:LB32,MINOR INSPECTION,18457,8000,520961
MINOR-D:LB31,MINOR INSPECTION,18339,8000,307731
MINOR-D:LB31,MINOR INSPECTION,18322,8000,315952
MINOR-D:SR2210,MINOR INSPECTION,18195,8000,483425
MINOR-D:LB31,MINOR INSPECTION,18386,8000,310423
MINOR-D:SR2210,MINOR INSPECTION,18125,8000,480349
MINOR-D:SR2743,MINOR INSPECTION,22010,8000,39138
MINOR-D:SR2210,MINOR INSPECTION,18192,8000,447491
MINOR-D:LB32,MINOR INSPECTION,18464,8000,488984
MINOR-D:LF60,MINOR INSPECTION,24134,8000,8000
MINOR-D:LE14,MINOR INSPECTION,23215,8000,8000
MINOR-D:LF60,MINOR INSPECTION,24142,8000,8000
MINOR-D:LE14,MINOR INSPECTION,23207,8000,8000
MINOR-D:SR2795,MINOR INSPECTION,24014,8000,8000
MINOR-D:LF60,MINOR INSPECTION,24136,8000,8000
MINOR-D:J520,MINOR INSPECTION,19419,8000,506545
MINOR-D:J520,MINOR INSPECTION,19420,8000,522708
MINOR-D:L483,MINOR INSPECTION,9542,8000,839205
MINOR-D:SR1280,MINOR INSPECTION,8123,8000,836703
MINOR-D:L482,MINOR INSPECTION,9493,8000,869521
MINOR-D:L301,MINOR INSPECTION,9630,8000,961919
MINOR-T:SR1027,MINOR INSPECTION,2231,8000,822120
MINOR-D:L534,MINOR INSPECTION,9585,8000,904106
MINOR-T:SR1027,MINOR INSPECTION,2282,8000,779723
MINOR-T:SR1027,MINOR INSPECTION,2204,8000,805481
MINOR-D:L482,MINOR INSPECTION,9517,8000,814636
MINOR-D:L454,MINOR INSPECTION,9408,8000,859966
MINOR-D:L302,MINOR INSPECTION,9662,8000,916344
MINOR-D:L381,MINOR INSPECTION,9770,8000,966343
MINOR-D:SR1095,MINOR INSPECTION,3358,8000,1238510
MINOR-D:SR1095,MINOR INSPECTION,3349,8000,1185791
MINOR-D:SR1280,MINOR INSPECTION,8155,8000,851790
MINOR-D:SR1095,MINOR INSPECTION,3340,8000,1185222
MINOR-T:SR1027,MINOR INSPECTION,2254,8000,761296
MINOR-D:L534,MINOR INSPECTION,9586,8000,867116
MINOR-D:L302,MINOR INSPECTION,9675,8000,962342
MINOR-D:L382,MINOR INSPECTION,9786,8000,831264
MINOR-D:L301,MINOR INSPECTION,9611,8000,961526
MINOR-D:SR1123,MINOR INSPECTION,7460,8000,1346354
MINOR-T:SR1027,MINOR INSPECTION,2219,8000,802986
MINOR-T:SR1293,MINOR INSPECTION,2562,8000,692181
MINOR-D:SR1123,MINOR INSPECTION,7463,8000,1419465
MINOR-D:L301,MINOR INSPECTION,9649,8000,997153
MINOR-T:SR1027,MINOR INSPECTION,2129,8000,818711
MINOR-D:L302,MINOR INSPECTION,9674,8000,1011499
MINOR-D:L302,MINOR INSPECTION,9680,8000,1005483
MINOR-D:1314A,MINOR INSPECTION,9277,8000,1498766
MINOR-T:SR1293,MINOR INSPECTION,2548,8000,677785
MINOR-D:L534,MINOR INSPECTION,9588,8000,889652
MINOR-D:L341,MINOR INSPECTION,9713,8000,955207
MINOR-D:L483,MINOR INSPECTION,9541,8000,790263
MINOR-D:L454,MINOR INSPECTION,9451,8000,864631
MINOR-D:L302,MINOR INSPECTION,9670,8000,966037
MINOR-T:SR1027,MINOR INSPECTION,2152,8000,813665
MINOR-T:SR1293,MINOR INSPECTION,2544,8000,685045
MINOR-D:L302,MINOR INSPECTION,9702,8000,1050117
MINOR-D:L483,MINOR INSPECTION,9524,8000,863084
MINOR-D:SR1095,MINOR INSPECTION,3351,8000,1223482
MINOR-D:L454,MINOR INSPECTION,9433,8000,828251
MINOR-D:L534,MINOR INSPECTION,9576,8000,845947
MINOR-D:L380,MINOR INSPECTION,9738,8000,966311
MINOR-D:L341,MINOR INSPECTION,9720,8000,977006
MINOR-D:SR1280,MINOR INSPECTION,8118,8000,750213
MINOR-D:L454,MINOR INSPECTION,9424,8000,884494
MINOR-T:SR1293,MINOR INSPECTION,2567,8000,696434
MINOR-D:L381,MINOR INSPECTION,9757,8000,994581
MINOR-T:SR1030,MINOR INSPECTION,2505,8000,686693
MINOR-T:SR1027,MINOR INSPECTION,2288,8000,798834
MINOR-D:L534,MINOR INSPECTION,9590,8000,865909
MINOR-T:SR1027,MINOR INSPECTION,2257,8000,791399
MINOR-D:L302,MINOR INSPECTION,9682,8000,1029256
MINOR-D:SR1123,MINOR INSPECTION,7482,8000,1359500
MINOR-D:L302,MINOR INSPECTION,9704,8000,1013901
MINOR-T:SR1027,MINOR INSPECTION,2106,8000,683120
MINOR-D:L533,MINOR INSPECTION,9559,8000,908103
MINOR-D:L483,MINOR INSPECTION,9533,8000,834426
MINOR-D:L301,MINOR INSPECTION,9641,8000,983385
MINOR-T:SR1027,MINOR INSPECTION,2191,8000,807494
MINOR-T:SR1027,MINOR INSPECTION,2198,8000,800972
MINOR-D:L301,MINOR INSPECTION,9633,8000,965764
MINOR-D:L454,MINOR INSPECTION,9421,8000,851600
MINOR-D:1314A,MINOR INSPECTION,9281,8000,1457614
MINOR-D:SR1178,MINOR INSPECTION,8113,8000,1006425
MINOR-T:SR1027,MINOR INSPECTION,2246,8000,809747
MINOR-D:L533B,MINOR INSPECTION,9571,8000,895690
MINOR-D:L454,MINOR INSPECTION,9445,8000,866098
MINOR-T:SR1027,MINOR INSPECTION,2132,8000,749524
MINOR-D:L454,MINOR INSPECTION,9461,8000,910066
MINOR-D:L482,MINOR INSPECTION,9509,8000,729903
MINOR-D:SR1123,MINOR INSPECTION,7493,8000,1345898
MINOR-D:SR1095,MINOR INSPECTION,3336,8000,1262854
MINOR-T:SR1293,MINOR INSPECTION,2561,8000,676179
MINOR-D:SR1095,MINOR INSPECTION,3331,8000,1230378
MINOR-D:L534,MINOR INSPECTION,9581,8000,881854
MINOR-T:SR1027,MINOR INSPECTION,2202,8000,769270
MINOR-D:L302,MINOR INSPECTION,9673,8000,997150
MINOR-T:SR1293,MINOR INSPECTION,2566,8000,646968
MINOR-T:SR1027,MINOR INSPECTION,2114,8000,814831
MINOR-D:SR1280,MINOR INSPECTION,8136,8000,871419
MINOR-D:L381,MINOR INSPECTION,9775,8000,851717
MINOR-D:L302,MINOR INSPECTION,9683,8000,936762
MINOR-T:SR1027,MINOR INSPECTION,2242,8000,753216
MINOR-T:SR1027,MINOR INSPECTION,2289,8000,759103
MINOR-D:L454,MINOR INSPECTION,9444,8000,846687
MINOR-D:SR2021,MINOR INSPECTION,16109,8000,554789
MINOR-D:SR2065,MINOR INSPECTION,16201,8000,495705
MINOR-D:SR1993,MINOR INSPECTION,16049,8000,552155
MINOR-D:SR1993,MINOR INSPECTION,16009,8000,542657
MINOR-D:SR1993,MINOR INSPECTION,16037,8000,527439
MINOR-D:SR1993,MINOR INSPECTION,16029,8000,559521
MINOR-D:SR2065,MINOR INSPECTION,16203,8000,458159
MINOR-D:SR2065,MINOR INSPECTION,16208,8000,414425
MINOR-D:SR2065,MINOR INSPECTION,16219,8000,430767
MINOR-D:SR1867,MINOR INSPECTION,14012,8000,807325
MINOR-D:SR2065,MINOR INSPECTION,16222,8000,473368
MINOR-D:SR1867,MINOR INSPECTION,14035,8000,801318
MINOR-D:SR2065,MINOR INSPECTION,16220,8000,461401
MINOR-D:SR1993,MINOR INSPECTION,16012,8000,553536
MINOR-D:SR1993,MINOR INSPECTION,16010,8000,523787
MINOR-D:SR1993,MINOR INSPECTION,16038,8000,528835
MINOR-D:SR1993,MINOR INSPECTION,16035,8000,544685
MINOR-D:SR1993,MINOR INSPECTION,16051,8000,566004
MINOR-D:SR1867,MINOR INSPECTION,14022,8000,807881
MINOR-D:SR1867,MINOR INSPECTION,14034,8000,771865
MINOR-D:SR2021,MINOR INSPECTION,16112,8000,580996
MINOR-D:L501,MINOR INSPECTION,21425,8000,145734
MINOR-D:SR2338,MINOR INSPECTION,19124,8000,394384
MINOR-D:L501,MINOR INSPECTION,21408,8000,202448
MINOR-D:SR2757,MINOR INSPECTION,23006,8000,23006
MINOR-D:LB32,MINOR INSPECTION,18463,8000,501277
MINOR-D:SR2299,MINOR INSPECTION,19009,8000,327899
MINOR-D:SR2338,MINOR INSPECTION,19141,8000,355148
MINOR-D:SR2299,MINOR INSPECTION,19037,8000,195075
MINOR-D:LB31,MINOR INSPECTION,18375,8000,307137
MINOR-D:SR2255,MINOR INSPECTION,18033,8000,327043
MINOR-D:SR2338,MINOR INSPECTION,19106,8000,403382
MINOR-D:SR2299,MINOR INSPECTION,19036,8000,297385
MINOR-D:SR2604,MINOR INSPECTION,21021,8000,80032
MINOR-D:SR2299,MINOR INSPECTION,19001,8000,359067
MINOR-D:SR2255,MINOR INSPECTION,18047,8000,273688
MINOR-D:SR2299,MINOR INSPECTION,19028,8000,319211
MINOR-D:SR2299,MINOR INSPECTION,19011,8000,311562
MINOR-D:SR2338,MINOR INSPECTION,19103,8000,414034
MINOR-D:J520,MINOR INSPECTION,19432,8000,521717
MINOR-D:SR2338,MINOR INSPECTION,19147,8000,323846
MINOR-D:SR2338,MINOR INSPECTION,19114,8000,385013
MINOR-D:SR2604,MINOR INSPECTION,21009,8000,115144
MINOR-D:L381,MINOR INSPECTION,9779,8000,981409
MINOR-D:SR2338,MINOR INSPECTION,19137,8000,320218
MINOR-D:L341,MINOR INSPECTION,9708,8000,990446
MINOR-D:LB31,MINOR INSPECTION,18309,8000,316804
MINOR-D:L454,MINOR INSPECTION,9462,8000,906256
MINOR-T:SR1027,MINOR INSPECTION,2176,8000,795286
MINOR-D:L533C,MINOR INSPECTION,9557,8000,938745
MINOR-D:L482,MINOR INSPECTION,9495,8000,854414
MINOR-D:SR1123,MINOR INSPECTION,7502,8000,1375358
MINOR-D:SR1123,MINOR INSPECTION,7448,8000,1370617
MINOR-T:SR1027,MINOR INSPECTION,2268,8000,807525
MINOR-D:SR1178,MINOR INSPECTION,8111,8000,994891
MINOR-T:SR1027,MINOR INSPECTION,2235,8000,783234
MINOR-T:SR1030,MINOR INSPECTION,2523,8000,753867
MINOR-D:L482,MINOR INSPECTION,9497,8000,813706
MINOR-D:L301,MINOR INSPECTION,9607,8000,987393
MINOR-D:SR1659,MINOR INSPECTION,12007,8000,677822
MINOR-D:SR729,MINOR INSPECTION,7439,8000,1343727
MINOR-D:SR1123,MINOR INSPECTION,7477,8000,1355441
MINOR-T:SR1027,MINOR INSPECTION,2212,8000,767660
MINOR-D:L533B,MINOR INSPECTION,9568,8000,891400
MINOR-D:SR2021,MINOR INSPECTION,16134,8000,174516
MINOR-D:L533A,MINOR INSPECTION,9562,8000,849202
MINOR-T:SR1027,MINOR INSPECTION,2213,8000,835527
MINOR-D:SR1280,MINOR INSPECTION,8137,8000,889461
MINOR-D:SR2021,MINOR INSPECTION,16118,8000,571225
MINOR-D:SR2021,MINOR INSPECTION,16136,8000,181196
MINOR-D:SR1123,MINOR INSPECTION,7471,8000,1350798
MINOR-D:SR1178,MINOR INSPECTION,8104,8000,1143820
MINOR-D:SR2210,MINOR INSPECTION,18180,8000,484827
MINOR-D:SR2255,MINOR INSPECTION,18039,8000,405216
MINOR-D:SR2255,MINOR INSPECTION,18049,8000,401602
MINOR-D:LB31,MINOR INSPECTION,18326,8000,309714
MINOR-D:SR2210,MINOR INSPECTION,18140,8000,463227
MINOR-D:LB32,MINOR INSPECTION,18470,8000,520996
MINOR-D:SR2210,MINOR INSPECTION,18162,8000,447287
MINOR-D:SR2604,MINOR INSPECTION,21008,8000,97034
MINOR-D:LB31,MINOR INSPECTION,18315,8000,244284
MINOR-D:LB32,MINOR INSPECTION,18469,8000,481634
MINOR-D:LB31,MINOR INSPECTION,18318,8000,314827
MINOR-D:SR2255,MINOR INSPECTION,18050,8000,342022
MINOR-D:LB31,MINOR INSPECTION,18325,8000,300526
MINOR-D:SR2255,MINOR INSPECTION,18035,8000,345150
MINOR-D:SR2210,MINOR INSPECTION,18154,8000,510797
MINOR-D:SR2255,MINOR INSPECTION,18020,8000,387687
MINOR-D:SR2210,MINOR INSPECTION,18164,8000,475189
MINOR-D:SR2210,MINOR INSPECTION,18168,8000,452325
MINOR-D:LB32,MINOR INSPECTION,18467,8000,486841
MINOR-D:LB31,MINOR INSPECTION,18368,8000,309309
MINOR-D:L401,MINOR INSPECTION,9797,8000,970371
MINOR-D:SR2210,MINOR INSPECTION,18104,8000,489114
MINOR-D:SR2210,MINOR INSPECTION,18163,8000,457156
MINOR-D:SR2255,MINOR INSPECTION,18013,8000,351775
MINOR-D:SR2255,MINOR INSPECTION,18043,8000,431105
MINOR-D:LB31,MINOR INSPECTION,18313,8000,294682
MINOR-D:SR2210,MINOR INSPECTION,18112,8000,488194
MINOR-D:SR2255,MINOR INSPECTION,18058,8000,264504
MINOR-D:SR2210,MINOR INSPECTION,18165,8000,495557
MINOR-D:LF60,MINOR INSPECTION,24145,8000,8000
MINOR-D:LF60,MINOR INSPECTION,24109,8000,8000
MINOR-D:LF60,MINOR INSPECTION,24141,8000,8000
MINOR-D:LE14,MINOR INSPECTION,23204,8000,8000
MINOR-D:LF60,MINOR INSPECTION,24113,8000,8000
MINOR-D:LF60,MINOR INSPECTION,24147,8000,8000
MINOR-D:LF60,MINOR INSPECTION,24139,8000,8000
MINOR-D:LF60,MINOR INSPECTION,24127,8000,8000
MINOR-D:LF60,MINOR INSPECTION,24114,8000,8000
MINOR-D:LF60,MINOR INSPECTION,24125,8000,8000
MINOR-D:LF60,MINOR INSPECTION,24103,8000,8000
MINOR-D:SR1992,MINOR INSPECTION,15001,8000,527961
MINOR-D:SR1992,MINOR INSPECTION,15002,8000,600340
MINOR-D:SR1992,MINOR INSPECTION,15003,8000,560821
MINOR-D:SR1992,MINOR INSPECTION,15004,8000,549975
MINOR-D:SR1992,MINOR INSPECTION,15005,8000,614978
MINOR-D:SR1992,MINOR INSPECTION,15006,8000,596921
MINOR-D:SR1992,MINOR INSPECTION,15007,8000,486176
MINOR-D:SR1992,MINOR INSPECTION,15008,8000,505470
MINOR-D:SR1992,MINOR INSPECTION,15009,8000,563893
MINOR-D:SR1992,MINOR INSPECTION,15010,8000,555765
MINOR-D:SR1992,MINOR INSPECTION,15011,8000,596961
MINOR-D:SR1992,MINOR INSPECTION,15012,8000,587834
MINOR-D:SR1992,MINOR INSPECTION,15013,8000,563086
MINOR-D:SR1992,MINOR INSPECTION,15014,8000,518069
MINOR-D:SR1992,MINOR INSPECTION,15015,8000,501599
MINOR-D:SR1992,MINOR INSPECTION,15016,8000,506807
MINOR-D:SR1992,MINOR INSPECTION,15017,8000,492054
MINOR-D:SR1992,MINOR INSPECTION,15018,8000,536946
MINOR-D:SR1992,MINOR INSPECTION,15019,8000,516738
MINOR-D:SR1992,MINOR INSPECTION,15020,8000,520649
MINOR-D:SR1992,MINOR INSPECTION,15021,8000,480901
MINOR-D:SR2604,MINOR INSPECTION,21007,8000,113578
MINOR-D:L382,MINOR INSPECTION,9788,8000,991015
