msds,partNumber,Original_FileName,desc,legacy_part_number,Document,,tkd_trans,tkd_promptdata1,tkd_promptdata2,tkd_promptdata3,tkd_promptdata4,tkd_promptdata5,tkd_promptdata6,tkd_promptdata7,tkd_promptdata8
0002,21506,msds0002_202306162022.pdf," SANITIZER, HAND ALCOHOL",M38-03-0000-048,33784,LDOC,,PART,PART,*,*,21506#BCRTC,+,+
0003,5263,msds0003_202306162022.pdf," OIL, AIR TOOL ROTAIR",M40-57-0000-027,33787,LDOC,,PART,PART,*,*,5263#BCRTC,+,+
0005,5330,msds0005_202306162022.pdf," SEALANT, SILICONE BLACK",M43-17-0000-035,33789,LDOC,,PART,PART,*,*,5330#BCRTC,+,+
0006,17170,msds0006_202306162022.pdf," SEALANT, PIPE W/TEFLON",M43-17-0000-054,33790,LDOC,,PART,PART,*,*,17170#BCRTC,+,+
0007,22138,msds0007_202306162022.pdf," WIPES, STAINLESS",M52-02-0000-087,33791,LDOC,,PART,PART,*,*,22138#BCRTC,+,+
0008,17171,msds0008_202306162022.pdf," SEALANT, GASKET ELIMINAT",M43-17-0000-077,33793,LDOC,,PART,PART,*,*,17171#BCRTC,+,+
0009,18393,msds0009_202306162022.pdf,"PROTECTANT, DURASHIELD",M40-85-0000-056,33795,LDOC,,PART,PART,*,*,18393#BCRTC,+,+
0011,14215,msds0011_202306162022.pdf," COMPOUND, KOPR KOTE",M43-17-0000-072,33797,LDOC,,PART,PART,*,*,14215#BCRTC,+,+
0012,1447,msds0012_202306162022.pdf," ADHESIVE, URETHANE",A11-04-0111-460,33798,LDOC,,PART,PART,*,*,1447#BCRTC,+,+
0013,17550,msds0013_202306162022.pdf," GREASE, SUPER LUBE",M40-57-0000-060,33799,LDOC,,PART,PART,*,*,17550#BCRTC,+,+
0014,21663,msds0014_202306162022.pdf," COATING, KOPR-SHIELD",M18-64-0000-017,33800,LDOC,,PART,PART,*,*,21663#BCRTC,+,+
0015,18296,msds0015_202306162022.pdf," COMPOUND, DIELECTRIC GEL",A08-13-0108-016,33801,LDOC,,PART,PART,*,*,18296#BCRTC,+,+
0016,21396,msds0016_202306162022.pdf," ADHESIVE KIT, PRO-SEAL &",A11-29-0111-016,33802,LDOC,,PART,PART,*,*,21396#BCRTC,+,+
0017,21396,msds0017_202306162022.pdf," ADHESIVE KIT, PRO-SEAL &",A11-29-0111-016,33803,LDOC,,PART,PART,*,*,21396#BCRTC,+,+
0018,14766,msds0018_202306162022.pdf," REMOVER, WAX & GREASE",M40-85-0000-042,33804,LDOC,,PART,PART,*,*,14766#BCRTC,+,+
0023,17420,msds0023_202306162022.pdf," TOWEL, GRAFFITTI",M52-02-0000-073,33810,LDOC,,PART,PART,*,*,17420#BCRTC,+,+
0025,17930,msds0025_202306162022.pdf," ALKALI, HI ALK 90",M40-85-0000-053,33812,LDOC,,PART,PART,*,*,17930#BCRTC,+,+
0026,5285,msds0026_202306162022.pdf," SOLVENT, TOLUENE 1LT",M40-85-0000-017,33813,LDOC,,PART,PART,*,*,5285#BCRTC,+,+
0027,17173,msds0027_202306162022.pdf," ACID, HYDROCHLORIC",M40-85-0000-046,33814,LDOC,,PART,PART,*,*,17173#BCRTC,+,+
0030,24155,msds0030_202306162022.pdf," FLOORING",A11-29-0203-001,33817,LDOC,,PART,PART,*,*,24155#BCRTC,+,+
0030,24156,msds0030_202306162022.pdf," FLOORING",A11-29-0203-002,33817,LDOC,,PART,PART,*,*,24156#BCRTC,+,+
0030,24157,msds0030_202306162022.pdf," FLOORING",A11-29-0203-003,33817,LDOC,,PART,PART,*,*,24157#BCRTC,+,+
0030,24158,msds0030_202306162022.pdf," FLOORING",A11-29-0203-004,33817,LDOC,,PART,PART,*,*,24158#BCRTC,+,+
0030,24159,msds0030_202306162022.pdf,FLOORING,A11-29-0203-005,33817,LDOC,,PART,PART,*,*,24159#BCRTC,+,+
0030,24160,msds0030_202306162022.pdf," FLOORING",A11-29-0203-006,33817,LDOC,,PART,PART,*,*,24160#BCRTC,+,+
0030,24161,msds0030_202306162022.pdf," FLOORING",A11-29-0203-007,33817,LDOC,,PART,PART,*,*,24161#BCRTC,+,+
0030,24163,msds0030_202306162022.pdf," FLOORING",A11-29-0203-008,33817,LDOC,,PART,PART,*,*,24163#BCRTC,+,+
0030,24164,msds0030_202306162022.pdf," FLOORING",A11-29-0203-009,33817,LDOC,,PART,PART,*,*,24164#BCRTC,+,+
0030,24165,msds0030_202306162022.pdf," FLOORING",A11-29-0203-010,33817,LDOC,,PART,PART,*,*,24165#BCRTC,+,+
0030,24187,msds0030_202306162022.pdf," FLOORING, FRONT VERTICAL",A11-29-0203-011,33817,LDOC,,PART,PART,*,*,24187#BCRTC,+,+
0030,24188,msds0030_202306162022.pdf," FLOORING, REAR VERTICAL",A11-29-0203-012,33817,LDOC,,PART,PART,*,*,24188#BCRTC,+,+
0032,21923,msds0032_202306162022.pdf," ADHESIVE, PIES PL CABLE",M43-17-0000-092,33820,LDOC,,PART,PART,*,*,21923#BCRTC,+,+
0033,7196,msds0033_202306162022.pdf,"SEALANT, WHITE 75AM",M43-17-0000-058,33821,LDOC,,PART,PART,*,*,7196#BCRTC,+,+
0033,20243,msds0033_202306162022.pdf,"SEALANT, GREY 75AM",M43-17-0000-082,33821,LDOC,,PART,PART,*,*,20243#BCRTC,+,+
0033,20244,msds0033_202306162022.pdf,"SEALANT, BLACK 75AM",M43-17-0000-083,33821,LDOC,,PART,PART,*,*,20244#BCRTC,+,+
0034,5251,msds0034_202306162022.pdf," COATING, ACRYLIC SPRAY",M18-64-0000-005,33822,LDOC,,PART,PART,*,*,5251#BCRTC,+,+
0035,5329,msds0035_202306162022.pdf," SEALANT, CARTRIDGE",M43-17-0000-034,33823,LDOC,,PART,PART,*,*,5329#BCRTC,+,+
0037,5287,msds0037_202306162022.pdf," CLEANER, LPS ELECTRONIC",M40-85-0000-019,33826,LDOC,,PART,PART,*,*,5287#BCRTC,+,+
0038,18510,msds0038_202306162022.pdf," GREASE, NO-OX-ID BATTERY",M40-57-0000-062,33827,LDOC,,PART,PART,*,*,18510#BCRTC,+,+
0040,5916,msds0040_202306162022.pdf," ADHESIVE",M43-17-0000-029,33830,LDOC,,PART,PART,*,*,5916#BCRTC,+,+
0040,25345,msds0040_202306162022.pdf," ADHESIVE",M43-17-0000-105,33830,LDOC,,PART,PART,*,*,25345#BCRTC,+,+
0041,5258,msds0041_202306162022.pdf," GREASE, MOLYKOTE CRTG",M40-57-0000-008,33831,LDOC,,PART,PART,*,*,5258#BCRTC,+,+
0042,5974,msds0042_202306162025.pdf," ABSORBANT, FLOOR DRY",M52-02-0000-042,33832,LDOC,,PART,PART,*,*,5974#BCRTC,+,+
0043,20237,msds0043_202306162025.pdf,"DEFOAMER, DEPRESS PLUS",M40-85-0000-061,33833,LDOC,,PART,PART,*,*,20237#BCRTC,+,+
0046,14231,msds0046_202306162025.pdf," FLUID, ALUM TAPPING",M43-17-0000-073,33836,LDOC,,PART,PART,*,*,14231#BCRTC,+,+
0047,5884,msds0047_202306162025.pdf," LUBRICANT, 6 IN 1",M40-57-0000-044,33837,LDOC,,PART,PART,*,*,5884#BCRTC,+,+
0048,5309,msds0048_202306162025.pdf," ADHESIVE, 2 TON EPOXY",M43-17-0000-063,33838,LDOC,,PART,PART,*,*,5309#BCRTC,+,+
0049,5914,msds0049_202306162025.pdf," ADHESIVE, 5-MIN EPOXY",M43-17-0000-027,33840,LDOC,,PART,PART,*,*,5914#BCRTC,+,+
0052,5308,msds0052_202306162025.pdf," ADHESIVE, STICK'N SEAL E",M43-17-0000-062,33842,LDOC,,PART,PART,*,*,5308#BCRTC,+,+
0053,1545,msds0053_202306162025.pdf," THINNER, LACQUER 4L",A11-04-1862-849,33843,LDOC,,PART,PART,*,*,1545#BCRTC,+,+
0054,7010,msds0054_202306162025.pdf," PASTE, METAL",M43-17-0000-057,33844,LDOC,,PART,PART,*,*,7010#BCRTC,+,+
0055,5838,msds0055_202306162025.pdf," DUCTSEAL, PUTTY FILL 1#",M28-44-0000-040,33845,LDOC,,PART,PART,*,*,5838#BCRTC,+,+
0056,24065,msds0056_202306162025.pdf," LUBRICANT, ISO 68 SWITCH",C00-42-0342-042,33847,LDOC,,PART,PART,*,*,24065#BCRTC,+,+
0057,5337,msds0057_202306162025.pdf," COATING, GC SILICONE",M18-64-0000-009,33848,LDOC,,PART,PART,*,*,5337#BCRTC,+,+
0058,17907,msds0058_202306162025.pdf," GREASE, AUTOL TOP 2000 .",M40-57-0000-061,33849,LDOC,,PART,PART,*,*,17907#BCRTC,+,+
0059,5872,msds0059_202306162025.pdf," DRESSING, BELT",M43-17-0000-014,33850,LDOC,,PART,PART,*,*,5872#BCRTC,+,+
0060,212,msds0060_202306162025.pdf," LUBRICANT, SILICONE SPRA",A04-08-4070-481,33851,LDOC,,PART,PART,*,*,212#BCRTC,+,+
0061,5313,msds0061_202306162025.PDF," PUTTY, ALUMINUM LOCTITE",M43-17-0000-067,33852,LDOC,,PART,PART,*,*,5313#BCRTC,+,+
0062,5313,msds0062_202306162025.PDF," PUTTY, ALUMINUM LOCTITE",M43-17-0000-067,33853,LDOC,,PART,PART,*,*,5313#BCRTC,+,+
0064,4886,msds0064_202306162025.pdf," PAINT, SPRAY GALVANIZE",M18-62-0000-019,33855,LDOC,,PART,PART,*,*,4886#BCRTC,+,+
0065,5880,msds0065_202306162025.pdf," COMPOUND CUTTING/TAPPING",M43-17-0000-018,33856,LDOC,,PART,PART,*,*,5880#BCRTC,+,+
0066,5614,msds0066_202306162025.pdf," PAINT, SPRAY BLACK",M18-62-0000-003,33857,LDOC,,PART,PART,*,*,5614#BCRTC,+,+
0066,5615,msds0066_202306162025.pdf," PAINT, SPRAY BLUE",M18-62-0000-004,33857,LDOC,,PART,PART,*,*,5615#BCRTC,+,+
0066,5616,msds0066_202306162025.pdf," PAINT, SPRAY BROWN",M18-62-0000-005,33857,LDOC,,PART,PART,*,*,5616#BCRTC,+,+
0066,5617,msds0066_202306162025.pdf," PAINT, SPRAY GREEN",M18-62-0000-006,33857,LDOC,,PART,PART,*,*,5617#BCRTC,+,+
0066,5618,msds0066_202306162025.pdf," PAINT, SPRAY RED",M18-62-0000-007,33857,LDOC,,PART,PART,*,*,5618#BCRTC,+,+
0066,5619,msds0066_202306162025.pdf," PAINT, SPRAY WHITE GLOSS",M18-62-0000-008,33857,LDOC,,PART,PART,*,*,5619#BCRTC,+,+
0066,5620,msds0066_202306162025.pdf," PAINT, SPRAY YELLOW",M18-62-0000-009,33857,LDOC,,PART,PART,*,*,5620#BCRTC,+,+
0067,23316,msds0067_202306162025.pdf," CLEANER, HVAC EVAPORATOR",M40-85-0000-078,33858,LDOC,,PART,PART,*,*,23316#BCRTC,+,+
0068,23314,msds0068_202306162025.pdf," SEALANT, LOCTITE 548 GAS",M43-17-0000-095,33859,LDOC,,PART,PART,*,*,23314#BCRTC,+,+
0070,24239,msds0070_202306162025.pdf," ARMOURCAST, STRUCTURAL M",M43-17-0000-097,33861,LDOC,,PART,PART,*,*,24239#BCRTC,+,+
0071,10332,msds0071_202306162025.pdf," OIL, QUINTOLUBRIC",C00-03-0303-043,33862,LDOC,,PART,PART,*,*,10332#BCRTC,+,+
0071,24539,msds0071_202306162025.pdf," OIL, QUINTOLUBRIC 20 LTR",C00-03-0303-200,33862,LDOC,,PART,PART,*,*,24539#BCRTC,+,+
0072,24219,msds0072_202306162025.pdf," ADHESIVE, LOCTITE 404",M43-17-0000-096,33863,LDOC,,PART,PART,*,*,24219#BCRTC,+,+
0073,5325,msds0073_202306162025.pdf," COMPOUND, RETAINING",M43-17-0000-026,33865,LDOC,,PART,PART,*,*,5325#BCRTC,+,+
0074,5621,msds0074_202306162025.pdf," PRIMER, SPRAY RED OXIDE",M18-62-0000-010,33866,LDOC,,PART,PART,*,*,5621#BCRTC,+,+
0074,10410,msds0074_202306162025.pdf," PRIMER, SPRAY WHITE",M18-62-0000-026,33866,LDOC,,PART,PART,*,*,10410#BCRTC,+,+
0075,16853,msds0075_202306162025.pdf,GREASE,C00-12-0312-135,33867,LDOC,,PART,PART,*,*,16853#BCRTC,+,+
0077,4887,msds0077_202306162025.pdf," PAINT, GRAY GLYPTL AERO",M18-62-0000-020,33868,LDOC,,PART,PART,*,*,4887#BCRTC,+,+
0078,24121,msds0078_202306162025.pdf," LUBRICANT, THUNDERBOLT",M40-57-0000-072,33869,LDOC,,PART,PART,*,*,24121#BCRTC,+,+
0080,5921,msds0080_202306162025.pdf,"SEALANT, SILICONE BLACK",M43-17-0000-046,33870,LDOC,,PART,PART,*,*,5921#BCRTC,+,+
0081,5922,msds0081_202306162025.pdf,"SEALANT, SILICONE CLEAR",M43-17-0000-047,33871,LDOC,,PART,PART,*,*,5922#BCRTC,+,+
0083,16997,msds0083_202306162025.pdf," OIL, ESCALATOR #2- 20 lt",E04-97-0597-017,33873,LDOC,,PART,PART,*,*,16997#BCRTC,+,+
0084,19174,msds0084_202306162025.pdf," SEALANT, WHITE TEFLON 12",M43-17-0000-080,33874,LDOC,,PART,PART,*,*,19174#BCRTC,+,+
0085,22374,msds0085_202306162025.pdf," DEGREASER, ORGANIC SOURC",M40-85-0000-077,33875,LDOC,,PART,PART,*,*,22374#BCRTC,+,+
0086,19175,msds0086_202306162025.pdf,"COMPOUND, HEAT SINK",M43-17-0000-081,33877,LDOC,,PART,PART,*,*,19175#BCRTC,+,+
0087,5920,msds0087_202306162025.pdf,"SEALANT, SILICONE WHITE",M43-17-0000-045,33878,LDOC,,PART,PART,*,*,5920#BCRTC,+,+
0088,5883,msds0088_202306162025.pdf," LUBRICANT, DRY SPRAY",M40-57-0000-019,33879,LDOC,,PART,PART,*,*,5883#BCRTC,+,+
0089,5025,msds0089_202306162025.pdf," PUTTY, INSULATING",M28-44-0000-007,33880,LDOC,,PART,PART,*,*,5025#BCRTC,+,+
0090,5918,msds0090_202306162025.pdf," CAULKING, WHITE BUTYL",M43-17-0000-043,33881,LDOC,,PART,PART,*,*,5918#BCRTC,+,+
0091,6457,msds0091_202306162027.pdf," SEALANT, FORM-A-GASKET",M43-17-0000-042,33882,LDOC,,PART,PART,*,*,6457#BCRTC,+,+
0092,21397,msds0092_202306162027.pdf," SEALANT, BAULTAFLEX 2010",A11-29-0111-017,33883,LDOC,,PART,PART,*,*,21397#BCRTC,+,+
0093,9668,msds0093_202306162027.pdf," LUBRICANT, LPS-1 12oz",M40-57-0000-015,33884,LDOC,,PART,PART,*,*,9668#BCRTC,+,+
0096,5250,msds0096_202306162027.pdf," COATING, ACRYLIC",M18-64-0000-004,33887,LDOC,,PART,PART,*,*,5250#BCRTC,+,+
0100,21489,msds0100_202306162027.pdf,"REMOVER, GRAFFITI 20L",M40-85-0000-072,33892,LDOC,,PART,PART,*,*,21489#BCRTC,+,+
0100,25924,msds0100_202306162027.pdf," REMOVER, TRAIN GRAFFITI",M40-85-0000-086,33892,LDOC,,PART,PART,*,*,25924#BCRTC,+,+
0101,5321,msds0101_202306162027.pdf," THREADLOCKER, LOW ST",M43-17-0000-022,33894,LDOC,,PART,PART,*,*,5321#BCRTC,+,+
0102,5322,msds0102_202306162027.pdf," THREADLOCKER, REMOVABLE",M43-17-0000-023,33895,LDOC,,PART,PART,*,*,5322#BCRTC,+,+
0104,19595,msds0104_202306162027.pdf," ADHESIVE, CONTACT R196",A11-19-0403-008,33896,LDOC,,PART,PART,*,*,19595#BCRTC,+,+
0105,21802,msds0105_202306162027.pdf," EPOXY, COLD CURE (2PART",A11-07-0111-005,33898,LDOC,,PART,PART,*,*,21802#BCRTC,+,+
0107,6994,msds0107_202306162027.pdf,"EPOXY, STEEL LIQUID B",M43-17-0000-055,33900,LDOC,,PART,PART,*,*,6994#BCRTC,+,+
0108,6994,msds0108_202306162027.pdf,"EPOXY, STEEL LIQUID B",M43-17-0000-055,33901,LDOC,,PART,PART,*,*,6994#BCRTC,+,+
0109,5873,msds0109_202306162027.pdf,"FLUID, MACH LAYOUT BLUE",M43-17-0000-015,33902,LDOC,,PART,PART,*,*,5873#BCRTC,+,+
0110,19770,msds0110_202306162027.pdf," PAINT, GLOSS WHITE TREMC",M18-62-0000-049,33903,LDOC,,PART,PART,*,*,19770#BCRTC,+,+
0111,11008,msds0111_202306162027.pdf," FLUX, SILVER SOLDER",M95-70-0000-065,33904,LDOC,,PART,PART,*,*,11008#BCRTC,+,+
0112,19594,msds0112_202306162027.pdf," COMPOUND, KIT  2669 BEIG",A11-19-0403-007,33905,LDOC,,PART,PART,*,*,19594#BCRTC,+,+
0113,11009,msds0113_202306162027.pdf," SOLDER, SILVER",M95-70-0000-066,33906,LDOC,,PART,PART,*,*,11009#BCRTC,+,+
0114,12127,msds0114_202306162027.pdf,"&CYLINDER, ACETYLENE MINI",M38-35-0000-019,33907,LDOC,,PART,PART,*,*,12127#BCRTC,+,+
0115,24492,msds0115_202306162027.pdf," THREADLOCKER, LOCTITE 29",M43-17-0000-100,33908,LDOC,,PART,PART,*,*,24492#BCRTC,+,+
0116,20184,msds0116_202306162027.pdf," DISINFECTANT, BACTERIA K",G07-87-0787-020,33909,LDOC,,PART,PART,*,*,20184#BCRTC,+,+
0117,23295,msds0117_202306162027.pdf," GREASE, SUPER LUBE SYNTH",M40-57-0000-068,33910,LDOC,,PART,PART,*,*,23295#BCRTC,+,+
0118,17932,msds0118_202306162027.pdf," GARNET, 20-40 MESH 55LB",M40-85-0000-054,33911,LDOC,,PART,PART,*,*,17932#BCRTC,+,+
0119,7066,msds0119_202306162027.pdf,"&CYLINDER, OXYGEN D",M38-35-0000-002,33912,LDOC,,PART,PART,*,*,7066#BCRTC,+,+
0119,12128,msds0119_202306162027.pdf,"&CYLINDER, OXYGEN MINI",M38-35-0000-018,33912,LDOC,,PART,PART,*,*,12128#BCRTC,+,+
0120,18661,msds0120_202306162027.pdf," ADHESIVE, LOCTITE #638-5",M43-17-0000-079,33913,LDOC,,PART,PART,*,*,18661#BCRTC,+,+
0121,24644,msds0121_202306162027.pdf," ADHESIVE, TIE PLUG GLUE",M43-17-0000-102,33914,LDOC,,PART,PART,*,*,24644#BCRTC,+,+
0122,5180,msds0122_202306162027.pdf,"&EXTINGUISHER, CO2 10#",M38-35-0000-010,33915,LDOC,,PART,PART,*,*,5180#BCRTC,+,+
0122,5181,msds0122_202306162027.pdf,"&EXTINGUISHER, CO2 15#",M38-35-0000-011,33915,LDOC,,PART,PART,*,*,5181#BCRTC,+,+
0123,5283,msds0123_202306162027.pdf," ISOPROPYL, 1 LITRE",M40-85-0000-014,33916,LDOC,,PART,PART,*,*,5283#BCRTC,+,+
0124,5335,msds0124_202306162027.pdf," SEALANT, SILCONE WHITE E",M43-17-0000-040,33917,LDOC,,PART,PART,*,*,5335#BCRTC,+,+
0125,5252,msds0125_202306162027.pdf," BUTANE CYLINDER 165 GRAM",M43-17-0000-010,33918,LDOC,,PART,PART,*,*,5252#BCRTC,+,+
0126,20926,msds0126_202306162027.pdf," PAINT, SPRAY TRMCLAD YEL",E04-92-0592-144,33919,LDOC,,PART,PART,*,*,20926#BCRTC,+,+
0127,24644,msds0127_202306162027.pdf," ADHESIVE, TIE PLUG GLUE",M43-17-0000-102,33920,LDOC,,PART,PART,*,*,24644#BCRTC,+,+
0128,20255,msds0128_202306162027.pdf," REMOVER, GRAFFITI SPRAY",M40-85-0000-062,33922,LDOC,,PART,PART,*,*,20255#BCRTC,+,+
0130,5877,msds0130_202306162027.pdf," GREASE, 400G. CARTRIDGE",M40-57-0000-011,33925,LDOC,,PART,PART,*,*,5877#BCRTC,+,+
0131,5271,msds0131_202306162027.pdf," OIL",M40-57-0000-035,33926,LDOC,,PART,PART,*,*,5271#BCRTC,+,+
0132,6862,msds0132_202306162027.pdf," SOLUTION, LENS CLEAN 4LT",M38-40-0000-018,33927,LDOC,,PART,PART,*,*,6862#BCRTC,+,+
0133,21357,msds0133_202306162027.pdf," PRIMER, THREADLOCKER 764",M18-62-0000-057,33928,LDOC,,PART,PART,*,*,21357#BCRTC,+,+
0134,5311,msds0134_202306162027.pdf,"ADHESIVE, LOCTITE",M43-17-0000-065,33929,LDOC,,PART,PART,*,*,5311#BCRTC,+,+
0136,14171,msds0136_202306162027.pdf," LUBRICANT, LPS TEFLON",M40-57-0000-055,33931,LDOC,,PART,PART,*,*,14171#BCRTC,+,+
0141,21936,msds0141_202306162030.pdf," GREASE, SKF LGAF-3E ANTI",A13-05-0403-008,33933,LDOC,,PART,PART,*,*,21936#BCRTC,+,+
0142,5908,msds0142_202306162030.pdf,"MARKER, GREEN WITNESS",M43-14-0000-008,33934,LDOC,,PART,PART,*,*,5908#BCRTC,+,+
0142,5909,msds0142_202306162030.pdf,"MARKER, ORANGE WITNESS",M43-14-0000-009,33934,LDOC,,PART,PART,*,*,5909#BCRTC,+,+
0143,8945,msds0143_202306162030.pdf," ADHESIVE, LOCTITE",M43-17-0000-060,33935,LDOC,,PART,PART,*,*,8945#BCRTC,+,+
0144,24154,msds0144_202306162030.pdf," ANTI-FOAM, 4LTR AGENT",M52-02-0000-095,33936,LDOC,,PART,PART,*,*,24154#BCRTC,+,+
0145,5319,msds0145_202306162030.pdf," ADHESIVE, LOCTITE 330 DE",M43-17-0000-020,33937,LDOC,,PART,PART,*,*,5319#BCRTC,+,+
0146,20269,msds0146_202306162030.pdf,"COATING, SILICONE",M18-64-0000-014,33938,LDOC,,PART,PART,*,*,20269#BCRTC,+,+
0147,20281,msds0147_202306162030.pdf," PAINT, LATEX GRAFFITI",M18-62-0000-051,33939,LDOC,,PART,PART,*,*,20281#BCRTC,+,+
0150,23715,msds0150_202306162030.pdf," LUBRICANT, LOCK",M40-57-0000-070,33941,LDOC,,PART,PART,*,*,23715#BCRTC,+,+
0151,5248,msds0151_202306162030.pdf," COMPOUND, PENETROX-A 8oz",M43-17-0000-008,33943,LDOC,,PART,PART,*,*,5248#BCRTC,+,+
0152,5262,msds0152_202306162030.pdf," COMPOUND, SILICONE/DIELE",M40-57-0000-023,33944,LDOC,,PART,PART,*,*,5262#BCRTC,+,+
0152,7213,msds0152_202306162030.pdf," COMPOUND, DC-4 8# TUB",M43-17-0000-003,33944,LDOC,,PART,PART,*,*,7213#BCRTC,+,+
0153,13957,msds0153_202306162030.pdf," REDUCER, FAST THINNER",M18-62-0000-029,33945,LDOC,,PART,PART,*,*,13957#BCRTC,+,+
0155,20260,msds0155_202306162030.pdf," DISINFECTANT, ONOX FOOT",M38-03-0000-044,33946,LDOC,,PART,PART,*,*,20260#BCRTC,+,+
0156,5885,msds0156_202306162030.pdf," SOLVENT, ACETONE 1LT",M40-85-0000-001,33947,LDOC,,PART,PART,*,*,5885#BCRTC,+,+
0157,5186,msds0157_202306162030.pdf," TESTER, SMOKE DETECTOR",M38-35-0000-016,33948,LDOC,,PART,PART,*,*,5186#BCRTC,+,+
0158,20420,msds0158_202306162030.pdf," CLEANER, PROTOCOL K-651",M40-85-0000-063,33949,LDOC,,PART,PART,*,*,20420#BCRTC,+,+
0159,14771,msds0159_202306162030.pdf," KIT, SPLICE MULTI PR CAB",B00-07-0207-015,33950,LDOC,,PART,PART,*,*,14771#BCRTC,+,+
0161,17711,msds0161_202306162030.pdf,"VARSOL, 4LTR",M40-85-0000-052,33952,LDOC,,PART,PART,*,*,17711#BCRTC,+,+
0162,5282,msds0162_202306162030.pdf," SOLVENT, 409B 340G",M40-85-0000-013,33953,LDOC,,PART,PART,*,*,5282#BCRTC,+,+
0164,5310,msds0164_202306162030.pdf," ADHESIVE,  LOCTITE 409 Q",M43-17-0000-064,33955,LDOC,,PART,PART,*,*,5310#BCRTC,+,+
0165,5259,msds0165_202306162030.pdf," GREASE, DOW MOLY",M40-57-0000-009,33956,LDOC,,PART,PART,*,*,5259#BCRTC,+,+
0169,5273,msds0169_202306162030.pdf," OIL, ESSO",M40-57-0000-037,33960,LDOC,,PART,PART,*,*,5273#BCRTC,+,+
0170,13923,msds0170_202306162030.pdf," LUBRICANT, LPS-2 12oz",M40-57-0000-051,33961,LDOC,,PART,PART,*,*,13923#BCRTC,+,+
0171,5323,msds0171_202306162030.pdf," THREADLOCKER, HIGH ST",M43-17-0000-024,33962,LDOC,,PART,PART,*,*,5323#BCRTC,+,+
0172,12755,msds0172_202306162030.pdf,"COMPOUND, PENETROX E",M43-17-0000-050,33963,LDOC,,PART,PART,*,*,12755#BCRTC,+,+
0173,11073,msds0173_202306162030.pdf," LUBRICANT, LPS-2",M40-57-0000-046,33964,LDOC,,PART,PART,*,*,11073#BCRTC,+,+
0174,20941,msds0174_202306162030.pdf," FLUID, CUTTING RAPID-TAP",M43-17-0000-087,33965,LDOC,,PART,PART,*,*,20941#BCRTC,+,+
0175,14134,msds0175_202306162030.pdf," OIL, HYDRAULIC NUTO H-C",M40-57-0000-054,33966,LDOC,,PART,PART,*,*,14134#BCRTC,+,+
0176,14496,msds0176_202306162030.pdf," CLEANER, SUPER HFE",M40-85-0000-041,33967,LDOC,,PART,PART,*,*,14496#BCRTC,+,+
0178,5314,msds0178_202306162030.pdf," ADHESIVE, EPOXY PTCH KIT",M43-17-0000-068,33970,LDOC,,PART,PART,*,*,5314#BCRTC,+,+
0180,14132,msds0180_202306162030.pdf,"MEDIA, PLASTIC 20/30 #2",M40-85-0000-039,33971,LDOC,,PART,PART,*,*,14132#BCRTC,+,+
0181,5354,msds0181_202306162030.pdf," DISINFECTANT, MIRACLE",M52-02-0000-006,33973,LDOC,,PART,PART,*,*,5354#BCRTC,+,+
0183,20838,msds0183_202306162030.pdf," GREASE, LPS WHITE LITHIU",M40-57-0000-064,33974,LDOC,,PART,PART,*,*,20838#BCRTC,+,+
0184,11066,msds0184_202306162030.pdf," SOLUTION, EYEWASH FLUID",M38-40-0000-091,33975,LDOC,,PART,PART,*,*,11066#BCRTC,+,+
0184,12536,msds0184_202306162030.pdf," SOLUTION, EYEWASH STAT",M38-40-0000-093,33975,LDOC,,PART,PART,*,*,12536#BCRTC,+,+
0186,5312,msds0186_202306162030.pdf," ADHESIVE, BLACK MAX 1oz",M43-17-0000-066,33976,LDOC,,PART,PART,*,*,5312#BCRTC,+,+
0188,5878,msds0188_202306162030.pdf," GREASE, TRC#880 #2-429ML",M40-57-0000-012,33977,LDOC,,PART,PART,*,*,5878#BCRTC,+,+
0188,13111,msds0188_202306162030.pdf," GREASE, TRC#880 #2 5 GAL",M40-57-0000-049,33977,LDOC,,PART,PART,*,*,13111#BCRTC,+,+
0189,5261,msds0189_202306162030.pdf," GREASE, VEH WHEEL BRG",M40-57-0000-020,33978,LDOC,,PART,PART,*,*,5261#BCRTC,+,+
0190,11124,msds0190_202306162030.pdf," ADHESIVE, METAL-GLASS",A11-04-0203-018,33980,LDOC,,PART,PART,*,*,11124#BCRTC,+,+
0192,10148,msds0192_202306162030.pdf," STICK, LUBE",A13-01-4070-301,33981,LDOC,,PART,PART,*,*,10148#BCRTC,+,+
0193,9123,msds0193_202306162031.pdf," GREASE, RINGSPRING FS-1",M40-57-0000-002,33982,LDOC,,PART,PART,*,*,9123#BCRTC,+,+
0195,18296,msds0195_202306162031.pdf," COMPOUND, DIELECTRIC GEL",A08-13-0108-016,33984,LDOC,,PART,PART,*,*,18296#BCRTC,+,+
0197,20668,msds0197_202306162031.pdf," ADHESIVE, 3M SCOTCHGRIP",M43-17-0000-086,33985,LDOC,,PART,PART,*,*,20668#BCRTC,+,+
0198,20997,msds0198_202306162031.pdf," DEODORIZER, M-CHEM DIGES",E04-90-0590-051,33986,LDOC,,PART,PART,*,*,20997#BCRTC,+,+
0199,10167,msds0199_202306162031.pdf," ADHESIVE, PCU BUS BAR",M43-17-0000-061,33987,LDOC,,PART,PART,*,*,10167#BCRTC,+,+
0200,10167,msds0200_202306162031.pdf," ADHESIVE, PCU BUS BAR",M43-17-0000-061,33989,LDOC,,PART,PART,*,*,10167#BCRTC,+,+
0201,18066,msds0201_202306162031.pdf," CLEANER, SUPER CONTACT (",M40-85-0000-055,33991,LDOC,,PART,PART,*,*,18066#BCRTC,+,+
0202,5270,msds0202_202306162031.pdf," OIL",M40-57-0000-034,33992,LDOC,,PART,PART,*,*,5270#BCRTC,+,+
0204,5319,msds0204_202306162031.pdf," ADHESIVE, LOCTITE 330 DE",M43-17-0000-020,33994,LDOC,,PART,PART,*,*,5319#BCRTC,+,+
0205,8819,msds0205_202306162031.pdf," LUBRICANT, MOOVIT",M40-57-0000-014,33995,LDOC,,PART,PART,*,*,8819#BCRTC,+,+
0206,21021,msds0206_202306162031.pdf,"ADHESIVE, LOCTITE #414",M43-17-0000-088,33996,LDOC,,PART,PART,*,*,21021#BCRTC,+,+
0207,5246,msds0207_202306162031.pdf," COMPOUND, LEAK DETECTOR",M43-17-0000-006,33997,LDOC,,PART,PART,*,*,5246#BCRTC,+,+
0211,5314,msds0211_202306162031.pdf," ADHESIVE, EPOXY PTCH KIT",M43-17-0000-068,33999,LDOC,,PART,PART,*,*,5314#BCRTC,+,+
0214,23192,msds0214_202306162031.pdf," PAINT, STANCHION YELLOW",A02-02-0503-002,34002,LDOC,,PART,PART,*,*,23192#BCRTC,+,+
0220,5245,msds0220_202306162031.pdf," COMPOUND, TECTYL 121-B",M43-17-0000-005,34003,LDOC,,PART,PART,*,*,5245#BCRTC,+,+
0222,3703,msds0222_202306162031.pdf," OIL, ESCALATOR BUCKET",E04-92-4057-611,34005,LDOC,,PART,PART,*,*,3703#BCRTC,+,+
0223,9891,msds0223_202306162031.pdf," LUBRICANT, AD2000 14oz",M40-57-0000-016,34007,LDOC,,PART,PART,*,*,9891#BCRTC,+,+
0224,12756,msds0224_202306162031.pdf," PRIMER, B66 A1320",M43-17-0000-051,34008,LDOC,,PART,PART,*,*,12756#BCRTC,+,+
0228,20393,msds0228_202306162031.pdf," GREASE, TRC#880 #1-429ML",M40-57-0000-063,34011,LDOC,,PART,PART,*,*,20393#BCRTC,+,+
0229,20822,msds0229_202306162031.pdf," WIPES, MONSTER/MULTI PUR",M52-02-0000-079,34012,LDOC,,PART,PART,*,*,20822#BCRTC,+,+
0230,14577,msds0230_202306162031.pdf,"COMPOUND, RUBBING",M43-17-0000-074,34013,LDOC,,PART,PART,*,*,14577#BCRTC,+,+
0232,20998,msds0232_202306162031.pdf," DEODORZIER, DENEUTRA-0 1",G07-87-0787-034,34014,LDOC,,PART,PART,*,*,20998#BCRTC,+,+
0234,9490,msds0234_202306162031.pdf," DEVELOPER, MAGNAFLUX",M40-85-0000-003,34015,LDOC,,PART,PART,*,*,9490#BCRTC,+,+
0235,9489,msds0235_202306162031.pdf," PENETRANT, DYE MAGNAFLUX",M40-85-0000-002,34016,LDOC,,PART,PART,*,*,9489#BCRTC,+,+
0236,9491,msds0236_202306162031.pdf," CLEANER, MAGNAFLUX",M40-85-0000-004,34018,LDOC,,PART,PART,*,*,9491#BCRTC,+,+
0237,16720,msds0237_202306162031.pdf," FLUID, BAND SAW",M43-17-0000-076,34019,LDOC,,PART,PART,*,*,16720#BCRTC,+,+
0238,21032,msds0238_202306162031.pdf," SEALANT, PERMATEX AVIATI",M43-17-0000-089,34020,LDOC,,PART,PART,*,*,21032#BCRTC,+,+
0240,4889,msds0240_202306162031.pdf," THINNER, PAINT 4L",M18-62-0000-023,34021,LDOC,,PART,PART,*,*,4889#BCRTC,+,+
0241,20534,msds0241_202306162031.pdf,"SOLUTION, BUFFER PH10",G07-87-0787-026,34022,LDOC,,PART,PART,*,*,20534#BCRTC,+,+
0242,20535,msds0242_202306162031.pdf,"SOLUTION, BUFFER PH07",G07-87-0787-027,34023,LDOC,,PART,PART,*,*,20535#BCRTC,+,+
0243,20536,msds0243_202306162031.pdf,"SOLUTION, BUFFER PH04",G07-87-0787-028,34024,LDOC,,PART,PART,*,*,20536#BCRTC,+,+
0255,5338,msds0255_202306162031.pdf," COMPOUND, FORM-A-THREAD",M18-64-0000-010,34029,LDOC,,PART,PART,*,*,5338#BCRTC,+,+
0256,5338,msds0256_202306162031.pdf," COMPOUND, FORM-A-THREAD",M18-64-0000-010,34030,LDOC,,PART,PART,*,*,5338#BCRTC,+,+
0257,5338,msds0257_202306162031.pdf," COMPOUND, FORM-A-THREAD",M18-64-0000-010,34031,LDOC,,PART,PART,*,*,5338#BCRTC,+,+
0258,2613,msds0258_202306162033.pdf,"JOINT, EPOXY BONDED RAIL",C00-01-0301-455,34032,LDOC,,PART,PART,*,*,2613#BCRTC,+,+
0259,2613,msds0259_202306162033.pdf,"JOINT, EPOXY BONDED RAIL",C00-01-0301-455,34033,LDOC,,PART,PART,*,*,2613#BCRTC,+,+
0260,12409,msds0260_202306162033.pdf," COMPOUND, HYD ADDITIVE",M43-17-0000-049,34034,LDOC,,PART,PART,*,*,12409#BCRTC,+,+
0261,31362,msds0261_202306162033.pdf," JOINT, EXPANSION KIT P1",C00-01-0301-004,34035,LDOC,,PART,PART,*,*,31362#BCRTC,+,+
0262,31363,msds0262_202306162033.pdf," JOINT, EXPANSION KIT P2",C00-01-0301-005,34036,LDOC,,PART,PART,*,*,31363#BCRTC,+,+
0265,20943,msds0265_202306162033.pdf,"PUTTY, FIRESTOP",M28-44-0000-059,34038,LDOC,,PART,PART,*,*,20943#BCRTC,+,+
0266,5334,msds0266_202306162033.pdf," SEALANT, LOCTITE 545 50M",M43-17-0000-039,34040,LDOC,,PART,PART,*,*,5334#BCRTC,+,+
0268,12505,msds0268_202306162033.pdf,"ACTIVATOR, FOR 324-30",A11-04-0203-023,34041,LDOC,,PART,PART,*,*,12505#BCRTC,+,+
0270,4891,msds0270_202306162033.pdf," VARNISH, INS GLYPTAL 4-L",M18-62-0000-025,34042,LDOC,,PART,PART,*,*,4891#BCRTC,+,+
0271,21191,msds0271_202306162033.pdf," GREASE, TRC #0-429ML TUB",M40-57-0000-066,34043,LDOC,,PART,PART,*,*,21191#BCRTC,+,+
0272,24388,msds0272_202306162033.pdf," OIL, TREATMENT STP 400ML",M40-57-0000-073,34044,LDOC,,PART,PART,*,*,24388#BCRTC,+,+
0273,21201,msds0273_202306162033.pdf," CLEANER, BATTERY MAINTEN",M40-85-0000-071,34045,LDOC,,PART,PART,*,*,21201#BCRTC,+,+
0274,18654,msds0274_202306162033.pdf," CONCRETE, HD-50",M18-14-0000-005,34046,LDOC,,PART,PART,*,*,18654#BCRTC,+,+
0277,5286,msds0277_202306162033.pdf," CLEANER, ELECT/ANTISTAT",M40-85-0000-018,34050,LDOC,,PART,PART,*,*,5286#BCRTC,+,+
0279,5243,msds0279_202306162033.pdf," SPRAY, COLD",M18-64-0000-002,34052,LDOC,,PART,PART,*,*,5243#BCRTC,+,+
0281,7100,msds0281_202306162033.pdf," CLEANER, HAND PERMATEX F",M52-02-0000-034,34055,LDOC,,PART,PART,*,*,7100#BCRTC,+,+
0282,7168,msds0282_202306162033.pdf," PAINT, ALUMINUM SPRAY",M18-62-0000-001,34056,LDOC,,PART,PART,*,*,7168#BCRTC,+,+
0283,13496,msds0283_202306162033.pdf," CLEANER, CONTACT",M40-85-0000-036,34057,LDOC,,PART,PART,*,*,13496#BCRTC,+,+
0285,13521,msds0285_202306162033.pdf," GREASE, KLUBER ISOFLEX T",M40-57-0000-050,34058,LDOC,,PART,PART,*,*,13521#BCRTC,+,+
0286,22779,msds0286_202306162033.pdf," PRIMER, 'T' LOCTITE 7471",M43-17-0000-093,34059,LDOC,,PART,PART,*,*,22779#BCRTC,+,+
0287,22780,msds0287_202306162033.pdf," COMPOUND, RETAINING LOCT",M43-17-0000-094,34060,LDOC,,PART,PART,*,*,22780#BCRTC,+,+
0288,5278,msds0288_202306162033.pdf," DEGREASER, PRESOLVE",M40-85-0000-009,34061,LDOC,,PART,PART,*,*,5278#BCRTC,+,+
0289,10030,msds0289_202306162033.pdf," DEGREASER, PRESOLVE",M40-85-0000-008,34062,LDOC,,PART,PART,*,*,10030#BCRTC,+,+
0290,23894,msds0290_202306162033.pdf," GREASE, THERMAL COMPOUND",M40-57-0000-071,34063,LDOC,,PART,PART,*,*,23894#BCRTC,+,+
0291,9012,msds0291_202306162033.pdf," SCOTCHGUARD",M43-17-0000-013,34064,LDOC,,PART,PART,*,*,9012#BCRTC,+,+
0292,5171,msds0292_202306162033.pdf," OINTMENT, BURN",M38-03-0000-030,34065,LDOC,,PART,PART,*,*,5171#BCRTC,+,+
0294,20284,msds0294_202306162033.pdf," ADHESIVE, PLIOGRIP 7770-",M43-17-0000-084,34067,LDOC,,PART,PART,*,*,20284#BCRTC,+,+
0299,14169,msds0299_202306162033.pdf," CLEANER, HAND 15oz.",M52-02-0000-066,34068,LDOC,,PART,PART,*,*,14169#BCRTC,+,+
0300,13876,msds0300_202306162033.pdf," PENETRANT, LST",M40-85-0000-038,34069,LDOC,,PART,PART,*,*,13876#BCRTC,+,+
0301,25255,msds0301_202306162033.pdf," VARNISH, ELECTRICAL SPRA",M18-62-0000-067,34070,LDOC,,PART,PART,*,*,25255#BCRTC,+,+
0302,24493,msds0302_202306162033.pdf," THREADLOCKER, LOCTITE 26",M43-17-0000-101,34071,LDOC,,PART,PART,*,*,24493#BCRTC,+,+
0305,25270,msds0305_202306162033.pdf," ADHESIVE, ACRYLIC",A11-13-0403-010,34072,LDOC,,PART,PART,*,*,25270#BCRTC,+,+
0307,19576,msds0307_202306162033.pdf," ADHESIVE, 310 URETHANE 1",A11-19-0403-005,34073,LDOC,,PART,PART,*,*,19576#BCRTC,+,+
0308,19576,msds0308_202306162033.pdf," ADHESIVE, 310 URETHANE 1",A11-19-0403-005,34075,LDOC,,PART,PART,*,*,19576#BCRTC,+,+
0314,5239,msds0314_202306162033.pdf," ANTIFREEZE, AUTO",M40-08-0000-001,34079,LDOC,,PART,PART,*,*,5239#BCRTC,+,+
0314,5240,msds0314_202306162033.pdf," ANTIFREEZE, HD MOBIL",M40-08-0000-002,34079,LDOC,,PART,PART,*,*,5240#BCRTC,+,+
0318,5153,msds0318_202306162035.pdf," WIPES, SANI-COM",M38-03-0000-012,34082,LDOC,,PART,PART,*,*,5153#BCRTC,+,+
0320,5253,msds0320_202306162035.pdf," AIR, PRESS AIRJET II",M43-17-0000-011,34084,LDOC,,PART,PART,*,*,5253#BCRTC,+,+
0321,6865,msds0321_202306162035.pdf," SOLUTION, LENS ANTI-FOG",M38-40-0000-021,34086,LDOC,,PART,PART,*,*,6865#BCRTC,+,+
0322,14516,msds0322_202306162035.pdf," LUBRICANT, O-RING SUPER",M40-57-0000-057,34087,LDOC,,PART,PART,*,*,14516#BCRTC,+,+
0327,9667,msds0327_202306162035.pdf," CLEANER, PRECISION CLEAN",M52-02-0000-002,34088,LDOC,,PART,PART,*,*,9667#BCRTC,+,+
0330,24532,msds0330_202306162035.pdf," CLEANER, HAND KRESTO",M52-02-0000-099,34089,LDOC,,PART,PART,*,*,24532#BCRTC,+,+
0332,5272,msds0332_202306162035.pdf," OIL, #30 4L",M40-57-0000-036,34090,LDOC,,PART,PART,*,*,5272#BCRTC,+,+
0335,5269,msds0335_202306162035.pdf," OIL, ATF",M40-57-0000-033,34092,LDOC,,PART,PART,*,*,5269#BCRTC,+,+
0338,8944,msds0338_202306162035.pdf," KEROSENE",M40-14-0000-001,34094,LDOC,,PART,PART,*,*,8944#BCRTC,+,+
0340,21742,msds0340_202306162035.pdf," CLEANER, WARRIOR 1 GALLO",M40-85-0000-076,34095,LDOC,,PART,PART,*,*,21742#BCRTC,+,+
0341,25666,msds0341_202306162035.pdf," CLEANER, CONTACT TREATME",M40-85-0000-085,34096,LDOC,,PART,PART,*,*,25666#BCRTC,+,+
0342,25532,msds0342_202306162035.pdf," CLEANER, HEINKEL LOCTITE",M40-85-0000-084,34097,LDOC,,PART,PART,*,*,25532#BCRTC,+,+
0345,5281,msds0345_202306162035.pdf," OIL, MOBILCUT 102",M40-57-0000-043,34099,LDOC,,PART,PART,*,*,5281#BCRTC,+,+
0346,24961,msds0346_202306162035.pdf," ADHESIVE, LOCTITE 411",M43-17-0000-103,34100,LDOC,,PART,PART,*,*,24961#BCRTC,+,+
0347,12331,msds0347_202306162035.pdf," LUBRICANT, LPS-3",M40-57-0000-047,34101,LDOC,,PART,PART,*,*,12331#BCRTC,+,+
0351,21159,msds0351_202306162035.pdf," HARDENER, 946ml U280/U35",M18-62-0000-055,34103,LDOC,,PART,PART,*,*,21159#BCRTC,+,+
0352,3702,msds0352_202306162035.pdf," OIL, ESCALATOR CHAIN",E04-92-4057-606,34104,LDOC,,PART,PART,*,*,3702#BCRTC,+,+
0353,23903,msds0353_202306162035.pdf,&SHOE BRAKE CM 3&4,E04-97-0597-138,34105,LDOC,,PART,PART,*,*,23903#BCRTC,+,+
0355,5622,msds0355_202306162035.pdf," PRIMER, SELF ETCHING",M18-62-0000-011,34106,LDOC,,PART,PART,*,*,5622#BCRTC,+,+
0356,21160,msds0356_202306162035.pdf," RESIN, FIBERGLASS C/W HA",M18-62-0000-056,34108,LDOC,,PART,PART,*,*,21160#BCRTC,+,+
0357,21160,msds0357_202306162035.pdf," RESIN, FIBERGLASS C/W HA",M18-62-0000-056,34109,LDOC,,PART,PART,*,*,21160#BCRTC,+,+
0365,12758,msds0365_202306162035.pdf," PAINT, GRAY R-M LIMCO",M18-62-0000-027,34117,LDOC,,PART,PART,*,*,12758#BCRTC,+,+
0365,12759,msds0365_202306162035.pdf," PAINT, BLACK R-M LIMCO",M18-62-0000-028,34117,LDOC,,PART,PART,*,*,12759#BCRTC,+,+
0367,24022,msds0367_202306162035.pdf," PAINT, LIMCO BLACK AEROS",M18-62-0000-063,34120,LDOC,,PART,PART,*,*,24022#BCRTC,+,+
0368,24023,msds0368_202306162035.pdf," PAINT, LIMCO GREY AEROSO",M18-62-0000-064,34121,LDOC,,PART,PART,*,*,24023#BCRTC,+,+
0375,24845,msds0375_202306162035.pdf," OIL, HYDRAULIC DOVER DRU",E04-96-0596-100,34123,LDOC,,PART,PART,*,*,24845#BCRTC,+,+
0390,8889,msds0390_202306162035.pdf," PROTECTANT, ARMORALL",M43-17-0000-012,34127,LDOC,,PART,PART,*,*,8889#BCRTC,+,+
0391,5882,msds0391_202306162035.pdf," OIL, TWO CYCLE",M40-57-0000-018,34128,LDOC,,PART,PART,*,*,5882#BCRTC,+,+
0400,10494,msds0400_202306162043.pdf," LUBRICANT, TEFLON DRY",M40-57-0000-045,34131,LDOC,,PART,PART,*,*,10494#BCRTC,+,+
0401,13609,msds0401_202306162043.pdf," BATTERY, LITHIUM 3V CR20",B01-21-0100-035,34132,LDOC,,PART,PART,*,*,13609#BCRTC,+,+
0402,23471,msds0402_202306162043.pdf," PRIMER, COLORBUILD PLUS",M18-62-0000-060,34133,LDOC,,PART,PART,*,*,23471#BCRTC,+,+
0408,5875,msds0408_202306162043.pdf," PROPANE CYLINDER 14.1 oz",M43-17-0000-017,34135,LDOC,,PART,PART,*,*,5875#BCRTC,+,+
0410,5917,msds0410_202306162043.pdf," ADHESIVE, WHITE GLUE",M43-17-0000-030,34136,LDOC,,PART,PART,*,*,5917#BCRTC,+,+
0411,4885,msds0411_202306162043.pdf," PAINT, ENAMEL YELLOW",M18-62-0000-018,34137,LDOC,,PART,PART,*,*,4885#BCRTC,+,+
0414,5254,msds0414_202306162043.pdf," FLUID, HYD. BRAKE H.D.",M40-57-0000-001,34138,LDOC,,PART,PART,*,*,5254#BCRTC,+,+
0415,5266,msds0415_202306162043.pdf," OIL, HYD ENERPAC",M40-57-0000-030,34139,LDOC,,PART,PART,*,*,5266#BCRTC,+,+
0417,5257,msds0417_202306162043.pdf," GREASE, LUBRIPLATE CRTG",M40-57-0000-007,34142,LDOC,,PART,PART,*,*,5257#BCRTC,+,+
0418,3701,msds0418_202306162043.pdf," OIL, ESCALTOR GEAR BOX",E04-92-4057-600,34143,LDOC,,PART,PART,*,*,3701#BCRTC,+,+
0419,5163,msds0419_202306162043.pdf," PACK, COLD",M38-03-0000-022,34144,LDOC,,PART,PART,*,*,5163#BCRTC,+,+
0420,5179,msds0420_202306162043.pdf,"&EXTINGUISHER, D/CHEM 10#",M38-35-0000-008,34146,LDOC,,PART,PART,*,*,5179#BCRTC,+,+
0420,5182,msds0420_202306162043.pdf,"&EXTINGUISHER, D/CHEM 5#",M38-35-0000-012,34146,LDOC,,PART,PART,*,*,5182#BCRTC,+,+
0420,5183,msds0420_202306162043.pdf,"&EXTINGUISHER, D/CHEM 10#",M38-35-0000-013,34146,LDOC,,PART,PART,*,*,5183#BCRTC,+,+
0420,10153,msds0420_202306162043.pdf,"&EXTINGUISHER, D CHEM 20#",M38-35-0000-003,34146,LDOC,,PART,PART,*,*,10153#BCRTC,+,+
0422,5879,msds0422_202306162043.pdf," GREASE, SKF  200G",M40-57-0000-013,34147,LDOC,,PART,PART,*,*,5879#BCRTC,+,+
0423,10374,msds0423_202306162043.pdf," LOTION, DERMA SHIELD",M38-03-0000-010,34148,LDOC,,PART,PART,*,*,10374#BCRTC,+,+
0426,26116,msds0426_202306162043.pdf," ADHESIVE, LOCTITE 426",M43-17-0000-108,34149,LDOC,,PART,PART,*,*,26116#BCRTC,+,+
0427,27980,msds0427_202306162043.pdf," ADHESIVE, PL FAST GRAB",M43-17-0000-111,34150,LDOC,,PART,PART,*,*,27980#BCRTC,+,+
0433,5975,msds0433_202306162043.pdf," COMPOUND, SANI SWEEP",M52-02-0000-043,34153,LDOC,,PART,PART,*,*,5975#BCRTC,+,+
0434,5361,msds0434_202306162043.pdf,"SOAP, DISH DETERGENT 6L",M52-02-0000-017,34155,LDOC,,PART,PART,*,*,5361#BCRTC,+,+
0436,5356,msds0436_202306162043.pdf," DEODORANT, ODORMASTER",M52-02-0000-008,34157,LDOC,,PART,PART,*,*,5356#BCRTC,+,+
0437,10333,msds0437_202306162043.pdf," OIL, ENGINE  20LT PAIL",C00-03-0303-042,34158,LDOC,,PART,PART,*,*,10333#BCRTC,+,+
0438,5154,msds0438_202306162043.pdf," DISINFECTANT, PCS",M38-03-0000-013,34159,LDOC,,PART,PART,*,*,5154#BCRTC,+,+
0439,21516,msds0439_202306162043.pdf," PRIMER, COLOURBUILD PLUS",M18-62-0000-058,34161,LDOC,,PART,PART,*,*,21516#BCRTC,+,+
0441,24184,msds0441_202306162043.pdf," ACTIVATOR, COLORBUILD PL",M18-62-0000-065,34163,LDOC,,PART,PART,*,*,24184#BCRTC,+,+
0442,21157,msds0442_202306162043.pdf," HARDENER, COLOURBUILD PL",M18-62-0000-053,34164,LDOC,,PART,PART,*,*,21157#BCRTC,+,+
0444,5268,msds0444_202306162043.pdf," OIL, HYDRAULC SHELL",M40-57-0000-032,34166,LDOC,,PART,PART,*,*,5268#BCRTC,+,+
0448,5967,msds0448_202306162043.pdf," CLEANER, GERMICIDAL SPRA",M52-02-0000-035,34167,LDOC,,PART,PART,*,*,5967#BCRTC,+,+
0451,6627,msds0451_202306162043.pdf," BLEACH, JAVEX",M52-02-0000-003,34171,LDOC,,PART,PART,*,*,6627#BCRTC,+,+
0452,5968,msds0452_202306162043.pdf," CLEANER, DRAIN (ZONK)",M52-02-0000-036,34172,LDOC,,PART,PART,*,*,5968#BCRTC,+,+
0453,9411,msds0453_202306162043.pdf," OIL, NON-DETERGENT",M40-57-0000-025,34173,LDOC,,PART,PART,*,*,9411#BCRTC,+,+
0455,5971,msds0455_202306162043.pdf," CLEANER, GLASS",M52-02-0000-039,34176,LDOC,,PART,PART,*,*,5971#BCRTC,+,+
0460,5881,msds0460_202306162043.pdf," OIL, MOTOR",M40-57-0000-017,34179,LDOC,,PART,PART,*,*,5881#BCRTC,+,+
0461,10541,msds0461_202306162043.pdf," OIL, LUBRICATING FEBIS K",G03-00-0700-109,34180,LDOC,,PART,PART,*,*,10541#BCRTC,+,+
0470,14582,msds0470_202306162046.pdf," COMPOUND, RUBBING",M43-17-0000-075,34181,LDOC,,PART,PART,*,*,14582#BCRTC,+,+
0476,5902,msds0476_202306162046.pdf," CHALK, REEL LINE RED",M43-14-0000-001,34184,LDOC,,PART,PART,*,*,5902#BCRTC,+,+
0481,10227,msds0481_202306162046.pdf,"KIT, SPLICE ATC LOOP INL",B00-07-0207-001,34185,LDOC,,PART,PART,*,*,10227#BCRTC,+,+
0490,20783,msds0490_202306162046.pdf," PAINT, SHE-CRYL HPA YELL",M18-62-0000-052,34188,LDOC,,PART,PART,*,*,20783#BCRTC,+,+
0493,5267,msds0493_202306162046.pdf," OIL, HYDRAULIC BRAKE 205",M40-57-0000-031,34190,LDOC,,PART,PART,*,*,5267#BCRTC,+,+
0495,6215,msds0495_202306162046.pdf," PASTE, SOLDER FLUX",M95-70-0000-061,34191,LDOC,,PART,PART,*,*,6215#BCRTC,+,+
0496,5609,msds0496_202306162046.pdf," SOLDER",M95-70-0000-039,34192,LDOC,,PART,PART,*,*,5609#BCRTC,+,+
0497,5608,msds0497_202306162046.pdf," SOLDER",M95-70-0000-038,34193,LDOC,,PART,PART,*,*,5608#BCRTC,+,+
0497,13110,msds0497_202306162046.pdf," SOLDER, 60/40 RESIN CORE",M95-70-0000-070,34193,LDOC,,PART,PART,*,*,13110#BCRTC,+,+
0503,5915,msds0503_202306162046.pdf," ADHESIVE, CONTACT CEMENT",M43-17-0000-028,34195,LDOC,,PART,PART,*,*,5915#BCRTC,+,+
0506,21158,msds0506_202306162046.pdf," PAINT, SKYTRAIN WHITE U3",M18-62-0000-054,34198,LDOC,,PART,PART,*,*,21158#BCRTC,+,+
0511,14615,msds0511_202306162046.pdf," OIL, GEAR",G03-00-0700-119,34199,LDOC,,PART,PART,*,*,14615#BCRTC,+,+
0514,17154,msds0514_202306162046.pdf," PAINT, INT BEIGE C/W HAR",M18-62-0000-041,34202,LDOC,,PART,PART,*,*,17154#BCRTC,+,+
0514,18042,msds0514_202306162046.pdf," PAINT, INT. GREY C/W HAR",M18-62-0000-042,34202,LDOC,,PART,PART,*,*,18042#BCRTC,+,+
0520,14609,msds0520_202306162046.pdf," PAINT, SPRAY YELLOW GRIN",M18-62-0000-036,34203,LDOC,,PART,PART,*,*,14609#BCRTC,+,+
0521,16582,msds0521_202306162046.pdf," CLEANER, BRIGHT TEST LV",M40-85-0000-044,34204,LDOC,,PART,PART,*,*,16582#BCRTC,+,+
0523,16800,msds0523_202306162046.pdf," SOAP, ANTIBACTERIAL DEBO",M52-02-0000-071,34206,LDOC,,PART,PART,*,*,16800#BCRTC,+,+
0525,18420,msds0525_202306162046.pdf," CLEANER, LIFT 910L TOTE",M40-85-0000-057,34208,LDOC,,PART,PART,*,*,18420#BCRTC,+,+
0526,17551,msds0526_202306162046.pdf," FLUID, VANDAL SHIELD",M43-17-0000-078,34209,LDOC,,PART,PART,*,*,17551#BCRTC,+,+
0527,20938,msds0527_202306162046.pdf," OIL. HYD. DOVER ELEVATOR",E04-96-0596-085,34210,LDOC,,PART,PART,*,*,20938#BCRTC,+,+
0530,16083,msds0530_202306162046.pdf," CLEANER, S.S. PH4/5",M40-85-0000-043,34211,LDOC,,PART,PART,*,*,16083#BCRTC,+,+
0536,27533,msds0536_202306162046.pdf," GREASE, NITRO RED (COUPL",M40-57-0000-076,34217,LDOC,,PART,PART,*,*,27533#BCRTC,+,+
0536,27655,msds0536_202306162046.pdf," LUBRICANT, NITROLUBE 20L",M40-57-0000-077,34217,LDOC,,PART,PART,*,*,27655#BCRTC,+,+
0537,28235,msds0537_202306162046.pdf," PAINT, SKYTRAIN BLACK U3",M18-62-0000-068,34218,LDOC,,PART,PART,*,*,28235#BCRTC,+,+
0539,27079,msds0539_202306162046.PDF," IN KIT, BONDED JOINT EPO",C00-01-0301-001,34220,LDOC,,PART,PART,*,*,27079#BCRTC,+,+
0540,23177,msds0540_202306162046.pdf," BATTERY, 6V EMERG LIGHT",E04-90-0590-069,34221,LDOC,,PART,PART,*,*,23177#BCRTC,+,+
0542,27763,msds0542_202306162046.pdf," WIPES, DISINFECTANT",M38-03-0000-058,34223,LDOC,,PART,PART,*,*,27763#BCRTC,+,+
0543,27810,msds0543_202306162046.pdf,"CLEANER, WINDSHIELD WASHE",M40-85-0000-087,34224,LDOC,,PART,PART,*,*,27810#BCRTC,+,+
0548,27846,msds0548_202306162046.pdf," LUBRICANT, LOCTITE SILIC",M40-57-0000-079,34229,LDOC,,PART,PART,*,*,27846#BCRTC,+,+
0549,18169,msds0549_202306162046.pdf," GREASE, FAN MOTOR",D00-31-0431-006,34230,LDOC,,PART,PART,*,*,18169#BCRTC,+,+
0550,27835,msds0550_202306162048.pdf," DEGREASER, SLAP SHOT",M40-85-0000-088,34231,LDOC,,PART,PART,*,*,27835#BCRTC,+,+
0551,10084,msds0551_202306162048.pdf," LUBRICANT, NEVERSEEZ MOL",M40-57-0000-042,34232,LDOC,,PART,PART,*,*,10084#BCRTC,+,+
0552,21974,msds0552_202306162048.pdf,"FOR BRUSH, MOTOR MAC DOOR",E04-90-0590-511,34233,LDOC,,PART,PART,*,*,21974#BCRTC,+,+
0556,27416,msds0556_202306162048.pdf," ADHESIVE, SEAM",A11-29-0111-031,34237,LDOC,,PART,PART,*,*,27416#BCRTC,+,+
0622,22053,msds0622_202306162048.pdf," ACCELERATOR, 998 250ml",M18-62-0000-059,34261,LDOC,,PART,PART,*,*,22053#BCRTC,+,+
0637,24598,msds0637_202306162048.pdf," DEGREASER, PURPLE POWER",M40-85-0000-081,34277,LDOC,,PART,PART,*,*,24598#BCRTC,+,+
0645,21138,msds0645_202306162049.pdf," SOLVENT, SKY-SOL 20L",M40-85-0000-067,34286,LDOC,,PART,PART,*,*,21138#BCRTC,+,+
0646,24599,msds0646_202306162049.pdf," GREASE, SWITCH PLATE ENV",C00-42-0342-043,34287,LDOC,,PART,PART,*,*,24599#BCRTC,+,+
0661,24447,msds0661_202306162049.pdf," COMPOUND, NIKKEI JOINTIN",M43-17-0000-098,34303,LDOC,,PART,PART,*,*,24447#BCRTC,+,+
0676,24680,msds0676_202306162049.pdf,BARE BRICK STONE & MASONR,M40-85-0000-082,34318,LDOC,,PART,PART,*,*,24680#BCRTC,+,+
0680,14778,msds0680_202306162049.pdf," PAINT, INTERIOR WHITE C/",M18-62-0000-037,34321,LDOC,,PART,PART,*,*,14778#BCRTC,+,+
0680,14779,msds0680_202306162049.pdf," PAINT, INTERIOR RED C/W",M18-62-0000-038,34321,LDOC,,PART,PART,*,*,14779#BCRTC,+,+
0680,24338,msds0680_202306162049.pdf," PAINT, INTERIOR BLUE C/W",M18-62-0000-066,34321,LDOC,,PART,PART,*,*,24338#BCRTC,+,+
0681,14778,msds0681_202306162049.pdf," PAINT, INTERIOR WHITE C/",M18-62-0000-037,34322,LDOC,,PART,PART,*,*,14778#BCRTC,+,+
0681,14779,msds0681_202306162049.pdf," PAINT, INTERIOR RED C/W",M18-62-0000-038,34322,LDOC,,PART,PART,*,*,14779#BCRTC,+,+
0681,24338,msds0681_202306162049.pdf," PAINT, INTERIOR BLUE C/W",M18-62-0000-066,34322,LDOC,,PART,PART,*,*,24338#BCRTC,+,+
0683,24547,msds0683_202306162049.pdf," REMOVER, GRAFFITI SAFEWI",M40-85-0000-080,34324,LDOC,,PART,PART,*,*,24547#BCRTC,+,+
0687,21568,msds0687_202306162049.pdf," SOLVENT, MIRACHEM",M40-85-0000-075,34327,LDOC,,PART,PART,*,*,21568#BCRTC,+,+
0688,21544,msds0688_202306162049.pdf," SOLVENT, MIRACLEAN 500 5",M40-85-0000-074,34328,LDOC,,PART,PART,*,*,21544#BCRTC,+,+
0690,25004,msds0690_202306162049.pdf," CLEANER, PARTS WASHER DR",M40-85-0000-083,34330,LDOC,,PART,PART,*,*,25004#BCRTC,+,+
0691,20460,msds0691_202306162054.pdf,"DEGREASER, ZEP ORANGE GEL",M40-85-0000-064,34331,LDOC,,PART,PART,*,*,20460#BCRTC,+,+
0693,24471,msds0693_202306162054.pdf," GREASE, MOBIL XHP222S",M40-57-0000-075,34333,LDOC,,PART,PART,*,*,24471#BCRTC,+,+
0694,24470,msds0694_202306162054.pdf," GREASE, MOBIL XHP222",M40-57-0000-074,34334,LDOC,,PART,PART,*,*,24470#BCRTC,+,+
0695,24448,msds0695_202306162054.pdf," THREADLOCKER, REMOVABLE",M43-17-0000-099,34335,LDOC,,PART,PART,*,*,24448#BCRTC,+,+
0706,25490,msds0706_202306162054.pdf," GREASE, CRANE CART 2 AXL",F00-36-0636-006,34344,LDOC,,PART,PART,*,*,25490#BCRTC,+,+
0710,25123,msds0710_202306162054.pdf," COMPOUND, RETAINING 680-",M43-17-0000-104,34348,LDOC,,PART,PART,*,*,25123#BCRTC,+,+
0711,27076,msds0711_202306162054.pdf," CLEANER, CLEAN AND GREEN",M52-02-0000-104,34349,LDOC,,PART,PART,*,*,27076#BCRTC,+,+
0712,27100,msds0712_202306162054.pdf,LOCTITE 603,M43-17-0000-109,34350,LDOC,,PART,PART,*,*,27100#BCRTC,+,+
0721,24903,msds0721_202306162054.pdf," OIL, HYD AW32 20L",E04-90-0590-102,34359,LDOC,,PART,PART,*,*,24903#BCRTC,+,+
0724,29087,msds0724_202306162054.pdf,"*BATTERY ASSY, MK3 C/W BM",A04-01-0601-012,34362,LDOC,,PART,PART,*,*,29087#BCRTC,+,+
0726,14770,msds0726_202306162054.pdf," KIT, SPLICE MULTI PR CAB",B00-07-0207-016,34364,LDOC,,PART,PART,*,*,14770#BCRTC,+,+
0730,27434,msds0730_202306162054.pdf," GREASE, MOBILITH SCH 460",E04-92-0592-182,34368,LDOC,,PART,PART,*,*,27434#BCRTC,+,+
0737,27184,msds0737_202306162054.pdf," OIL, LUBRICATION #2 1KG",E04-86-0586-053,34375,LDOC,,PART,PART,*,*,27184#BCRTC,+,+
0738,27183,msds0738_202306162054.PDF," OIL, MECH #68 4KG",E04-86-0586-052,34376,LDOC,,PART,PART,*,*,27183#BCRTC,+,+
0739,28023,msds0739_202306162054.PDF," ICE MELTER, ALASKAN PREM",M40-08-0000-004,34377,LDOC,,PART,PART,*,*,28023#BCRTC,+,+
0743,28043,msds0743_202306162055.pdf,SATIN FINISH FLOOR FINISH,M52-02-0000-117,34381,LDOC,,PART,PART,*,*,28043#BCRTC,+,+
0745,27392,msds0745_202306162055.pdf," SEALANT, SIKAFLEX-221 BL",A11-02-0503-006,34383,LDOC,,PART,PART,*,*,27392#BCRTC,+,+
0746,27391,msds0746_202306162055.pdf," SEALANT, SIKAFLEX-221 WH",A11-02-0503-005,34384,LDOC,,PART,PART,*,*,27391#BCRTC,+,+
0747,28389,msds0747_202306162055.pdf," SEALANT, SIKAFLEX 221 AL",M43-17-0000-114,34385,LDOC,,PART,PART,*,*,28389#BCRTC,+,+
0748,12454,msds0748_202306162055.pdf," BEADS, GLASS 50# BAG",M40-85-0000-033,34386,LDOC,,PART,PART,*,*,12454#BCRTC,+,+
0753,28237,msds0753_202306162055.pdf," PAINT, SKYTRAIN CHASSIS",M18-62-0000-069,34391,LDOC,,PART,PART,*,*,28237#BCRTC,+,+
0763,27995,msds0763_202306162055.pdf,"SEALANT, DYMONIC FC",M43-17-0000-112,34401,LDOC,,PART,PART,*,*,27995#BCRTC,+,+
0769,25404,msds0769_202306162055.pdf," SMOKE, IRRITANT FIT TEST",M38-40-0000-194,34407,LDOC,,PART,PART,*,*,25404#BCRTC,+,+
0779,28238,msds0779_202306162055.pdf," WIPES, BONDRITE AUTO PRE",M52-02-0000-126,34417,LDOC,,PART,PART,*,*,28238#BCRTC,+,+
0793,25557,MSDS0793_202306162057.pdf," BATTERY, UPS-2 9170+",E03-75-0575-041,34431,LDOC,,PART,PART,*,*,25557#BCRTC,+,+
0800,27900,msds0800_202306162057.pdf," GREASE, MK3 DOOR SCREW",A06-03-0603-001,34438,LDOC,,PART,PART,*,*,27900#BCRTC,+,+
0801,27714,msds0801_202306162057.pdf," GREASE, LAGERMEISTER 300",M40-57-0000-078,34439,LDOC,,PART,PART,*,*,27714#BCRTC,+,+
0802,28023,msds0802_202306162057.pdf," ICE MELT, TILSON BRAND",M40-08-0000-004,34440,LDOC,,PART,PART,*,*,28023#BCRTC,+,+
0803,29769,msds0803_202306162057.pdf," FILLER, FLOOR",A11-18-0403-018,34441,LDOC,,PART,PART,*,*,29769#BCRTC,+,+
0804,23538,msds0804_202306162057.pdf," SHOE, BRAKE SPEEDER 3 &",F00-40-0640-022,34442,LDOC,,PART,PART,*,*,23538#BCRTC,+,+
0805,26413,msds0805_202306162057.pdf,"SHOE, BRAKE SPEEDER 7 &8",F00-40-0640-030,34443,LDOC,,PART,PART,*,*,26413#BCRTC,+,+
0806,30663,msds0806_202306162057.pdf," BODY FILLER, 1 GALLON",M18-64-0000-019,34444,LDOC,,PART,PART,*,*,30663#BCRTC,+,+
0807,30662,msds0807_202306162057.pdf," PUTTY, GLAZING",M18-64-0000-018,34445,LDOC,,PART,PART,*,*,30662#BCRTC,+,+
0808,30657,msds0808_202306162057.pdf," SANITIZER, 1 GAL WITH PU",M38-03-0000-064,34446,LDOC,,PART,PART,*,*,30657#BCRTC,+,+
0809,27889,msds0809_202306162057.pdf," LUBRICANT, LIQUID WRENCH",M40-57-0000-080,34447,LDOC,,PART,PART,*,*,27889#BCRTC,+,+
0814,31068,msds0814_202306162057.pdf," CLEANER, HANDRAIL",E04-98-0598-076,34452,LDOC,,PART,PART,*,*,31068#BCRTC,+,+
0815,31069,msds0815_202306162057.pdf," SEALER, HANDRAIL",E04-98-0598-077,34453,LDOC,,PART,PART,*,*,31069#BCRTC,+,+
0820,28160,msds0820_202306162057.pdf," GREASE, GEARBOX",F00-30-0630-055,34458,LDOC,,PART,PART,*,*,28160#BCRTC,+,+
0821,20184,msds0821_202306162057.pdf," DISINFECTANT, BACTERIA K",G07-87-0787-020,34459,LDOC,,PART,PART,*,*,20184#BCRTC,+,+
0822,20184,msds0822_202306162057.pdf," DISINFECTANT, BACTERIA K",G07-87-0787-020,34460,LDOC,,PART,PART,*,*,20184#BCRTC,+,+
0823,29768,msds0823_202306162057.pdf," ADHESIVE, A0420",A11-18-0403-017,34461,LDOC,,PART,PART,*,*,29768#BCRTC,+,+
0824,31353,msds0824_202306162057.pdf," FLUID, BRAKE DOT 5 500ML",M40-57-0000-088,34462,LDOC,,PART,PART,*,*,31353#BCRTC,+,+
0825,31461,msds0825_202306162057.pdf,"CLEANER, MOLD CONTROL",M52-02-0000-131,34463,LDOC,,PART,PART,*,*,31461#BCRTC,+,+
0828,31626,msds0828_202306162057.pdf," CLEANER, OXIVIR PLUS DIS",M52-02-0000-134,34466,LDOC,,PART,PART,*,*,31626#BCRTC,+,+
0830,23720,msds0830_202306162057.pdf," ANTI SKID, BEHR FLOOR FI",A11-19-0403-015,34468,LDOC,,PART,PART,*,*,23720#BCRTC,+,+
0831,2606,msds0831_202306162057.pdf," PEN, BLACK NYLON MARKING",B01-20-0100-006,34469,LDOC,,PART,PART,*,*,2606#BCRTC,+,+
0833,20184,msds0833_202306162057.pdf," DISINFECTANT, BACTERIA K",G07-87-0787-020,34471,LDOC,,PART,PART,*,*,20184#BCRTC,+,+
0834,5620,msds0834_202306162057.pdf," PAINT, SPRAY YELLOW",M18-62-0000-009,34472,LDOC,,PART,PART,*,*,5620#BCRTC,+,+
0838,20997,msds0838_202306162057.pdf," EAM DEODORIZER, M-CHEM D",E04-90-0590-051,34476,LDOC,,PART,PART,*,*,20997#BCRTC,+,+
0840,5361,msds0840_202306162057.pdf," SOAP, DISH DETERGENT 4.2",M52-02-0000-017,34478,LDOC,,PART,PART,*,*,5361#BCRTC,+,+
0841,32011,msds0841_202306162057.PDF," TEROSON, MS939NA BLACK",A11-03-0603-011,34479,LDOC,,PART,PART,*,*,32011#BCRTC,+,+
0842,21802,msds0842_202306162057.pdf," EPOXY, COLD CURE (2PART",A11-07-0111-005,34480,LDOC,,PART,PART,*,*,21802#BCRTC,+,+
0843,31672,msds0843_202306162059.PDF," OIL, HYDRAULIC S2V46",G05-45-0745-056,34481,LDOC,,PART,PART,*,*,31672#BCRTC,+,+
0844,31668,msds0844_202306162059.pdf," SOLDER, 63/37 0.381 MM",M95-70-0000-087,34482,LDOC,,PART,PART,*,*,31668#BCRTC,+,+
0845,9667,msds0845_202306162059.pdf," CLEANER, PRECISION CLEAN",M52-02-0000-002,34483,LDOC,,PART,PART,*,*,9667#BCRTC,+,+
