msds,partNumber,Original_FileName,legacy_part_number,Document,desc,tkd_trans,tkd_promptdata1,tkd_promptdata2,tkd_promptdata3,tkd_promptdata4,tkd_promptdata5,tkd_promptdata6,tkd_promptdata7,tkd_promptdata8
0002,21506,msds0002_202305031614.pdf,M38-03-0000-048,33984," SANITIZER, HAND ALCOHOL",LDOC,,PART,PART,*,*,21506#BCRTC,+,+
0003,5263,msds0003_202305031614.pdf,M40-57-0000-027,34004," OIL, AIR TOOL ROTAIR",LDOC,,PART,PART,*,*,5263#BCRTC,+,+
0005,5330,msds0005_202305022233.pdf,M43-17-0000-035,33781," SEALANT, SILICONE BLACK",LDOC,,PART,PART,*,*,5330#BCRTC,+,+
0006,17170,msds0006_202305031559.pdf,M43-17-0000-054,33948," SEALANT, PIPE W/TEFLON",LDOC,,PART,PART,*,*,17170#BCRTC,+,+
0007,22138,msds0007_202305031559.pdf,M52-02-0000-087,33945," WIPES, STAINLESS",LDOC,,PART,PART,*,*,22138#BCRTC,+,+
0008,17171,msds0008_202305031614.pdf,M43-17-0000-077,33992," SEALANT, GASKET ELIMINAT",LDOC,,PART,PART,*,*,17171#BCRTC,+,+
0009,18393,msds0009_202305031614.pdf,M40-85-0000-056,33977,"PROTECTANT, DURASHIELD",LDOC,,PART,PART,*,*,18393#BCRTC,+,+
0011,14215,msds0011_202305031559.pdf,M43-17-0000-072,33939," COMPOUND, KOPR KOTE",LDOC,,PART,PART,*,*,14215#BCRTC,+,+
0012,1447,msds0012_202305031614.pdf,A11-04-0111-460,33973," ADHESIVE, URETHANE",LDOC,,PART,PART,*,*,1447#BCRTC,+,+
0013,17550,msds0013_202305031559.pdf,M40-57-0000-060,33913," GREASE, SUPER LUBE",LDOC,,PART,PART,*,*,17550#BCRTC,+,+
0014,21663,msds0014_202305031559.pdf,M18-64-0000-017,33921," COATING, KOPR-SHIELD",LDOC,,PART,PART,*,*,21663#BCRTC,+,+
0015,18296,msds0015_202305021953.pdf,A08-13-0108-016,32820," COMPOUND, DIELECTRIC GEL",LDOC,,PART,PART,*,*,18296#BCRTC,+,+
0016,21396,msds0016_202305021953.pdf,A11-29-0111-016,32821," ADHESIVE KIT, PRO-SEAL &",LDOC,,PART,PART,*,*,21396#BCRTC,+,+
0017,21396,msds0017_202305021953.pdf,A11-29-0111-016,32822," ADHESIVE KIT, PRO-SEAL &",LDOC,,PART,PART,*,*,21396#BCRTC,+,+
0018,14766,msds0018_202305021953.pdf,M40-85-0000-042,32823," REMOVER, WAX & GREASE",LDOC,,PART,PART,*,*,14766#BCRTC,+,+
0023,17420,msds0023_202305021956.pdf,M52-02-0000-073,32828," TOWEL, GRAFFITTI",LDOC,,PART,PART,*,*,17420#BCRTC,+,+
0025,17930,msds0025_202305021956.pdf,M40-85-0000-053,32830," ALKALI, HI ALK 90",LDOC,,PART,PART,*,*,17930#BCRTC,+,+
0026,5285,msds0026_202305021956.pdf,M40-85-0000-017,32831," SOLVENT, TOLUENE 1LT",LDOC,,PART,PART,*,*,5285#BCRTC,+,+
0027,17173,msds0027_202305021956.pdf,M40-85-0000-046,32832," ACID, HYDROCHLORIC",LDOC,,PART,PART,*,*,17173#BCRTC,+,+
0030,24155,msds0030_202305031559.pdf,A11-29-0203-001,33912," FLOORING",LDOC,,PART,PART,*,*,24155#BCRTC,+,+
0030,24156,msds0030_202305031559.pdf,A11-29-0203-002,33912," FLOORING",LDOC,,PART,PART,*,*,24156#BCRTC,+,+
0030,24157,msds0030_202305031559.pdf,A11-29-0203-003,33912," FLOORING",LDOC,,PART,PART,*,*,24157#BCRTC,+,+
0030,24158,msds0030_202305031559.pdf,A11-29-0203-004,33912," FLOORING",LDOC,,PART,PART,*,*,24158#BCRTC,+,+
0030,24159,msds0030_202305031559.pdf,A11-29-0203-005,33912,FLOORING,LDOC,,PART,PART,*,*,24159#BCRTC,+,+
0030,24160,msds0030_202305031559.pdf,A11-29-0203-006,33912," FLOORING",LDOC,,PART,PART,*,*,24160#BCRTC,+,+
0030,24161,msds0030_202305031559.pdf,A11-29-0203-007,33912," FLOORING",LDOC,,PART,PART,*,*,24161#BCRTC,+,+
0030,24163,msds0030_202305031559.pdf,A11-29-0203-008,33912," FLOORING",LDOC,,PART,PART,*,*,24163#BCRTC,+,+
0030,24164,msds0030_202305031559.pdf,A11-29-0203-009,33912," FLOORING",LDOC,,PART,PART,*,*,24164#BCRTC,+,+
0030,24165,msds0030_202305031559.pdf,A11-29-0203-010,33912," FLOORING",LDOC,,PART,PART,*,*,24165#BCRTC,+,+
0030,24187,msds0030_202305031559.pdf,A11-29-0203-011,33912," FLOORING, FRONT VERTICAL",LDOC,,PART,PART,*,*,24187#BCRTC,+,+
0030,24188,msds0030_202305031559.pdf,A11-29-0203-012,33912," FLOORING, REAR VERTICAL",LDOC,,PART,PART,*,*,24188#BCRTC,+,+
0032,21923,msds0032_202305031614.pdf,M43-17-0000-092,33993," ADHESIVE, PIES PL CABLE",LDOC,,PART,PART,*,*,21923#BCRTC,+,+
0033,7196,msds0033_202305031614.pdf,M43-17-0000-058,33975,"SEALANT, WHITE 75AM",LDOC,,PART,PART,*,*,7196#BCRTC,+,+
0033,20243,msds0033_202305031614.pdf,M43-17-0000-082,33975,"SEALANT, GREY 75AM",LDOC,,PART,PART,*,*,20243#BCRTC,+,+
0033,20244,msds0033_202305031614.pdf,M43-17-0000-083,33975,"SEALANT, BLACK 75AM",LDOC,,PART,PART,*,*,20244#BCRTC,+,+
0034,5251,msds0034_202305031610.pdf,M18-64-0000-005,33958," COATING, ACRYLIC SPRAY",LDOC,,PART,PART,*,*,5251#BCRTC,+,+
0035,5329,msds0035_202305031559.pdf,M43-17-0000-034,33933," SEALANT, CARTRIDGE",LDOC,,PART,PART,*,*,5329#BCRTC,+,+
0037,5287,msds0037_202305031559.pdf,M40-85-0000-019,33909," CLEANER, LPS ELECTRONIC",LDOC,,PART,PART,*,*,5287#BCRTC,+,+
0038,18510,msds0038_202305031624.pdf,M40-57-0000-062,34046," GREASE, NO-OX-ID BATTERY",LDOC,,PART,PART,*,*,18510#BCRTC,+,+
0040,5916,msds0040_202305031559.pdf,M43-17-0000-029,33951," ADHESIVE",LDOC,,PART,PART,*,*,5916#BCRTC,+,+
0040,25345,msds0040_202305031559.pdf,M43-17-0000-105,33951," ADHESIVE",LDOC,,PART,PART,*,*,25345#BCRTC,+,+
0041,5258,msds0041_202305031614.pdf,M40-57-0000-008,33974," GREASE, MOLYKOTE CRTG",LDOC,,PART,PART,*,*,5258#BCRTC,+,+
0042,5974,msds0042_202305031624.pdf,M52-02-0000-042,34016," ABSORBANT, FLOOR DRY",LDOC,,PART,PART,*,*,5974#BCRTC,+,+
0043,20237,msds0043_202305031624.pdf,M40-85-0000-061,34028,"DEFOAMER, DEPRESS PLUS",LDOC,,PART,PART,*,*,20237#BCRTC,+,+
0046,14231,msds0046_202305022237.pdf,M43-17-0000-073,33790," FLUID, ALUM TAPPING",LDOC,,PART,PART,*,*,14231#BCRTC,+,+
0047,5884,msds0047_202305031614.pdf,M40-57-0000-044,33998," LUBRICANT, 6 IN 1",LDOC,,PART,PART,*,*,5884#BCRTC,+,+
0048,5309,msds0048_202305031614.pdf,M43-17-0000-063,33978," ADHESIVE, 2 TON EPOXY",LDOC,,PART,PART,*,*,5309#BCRTC,+,+
0049,5914,msds0049_202305031559.pdf,M43-17-0000-027,33949," ADHESIVE, 5-MIN EPOXY",LDOC,,PART,PART,*,*,5914#BCRTC,+,+
0052,5308,msds0052_202305031559.pdf,M43-17-0000-062,33925," ADHESIVE, STICK'N SEAL E",LDOC,,PART,PART,*,*,5308#BCRTC,+,+
0053,1545,msds0053_202305022237.pdf,A11-04-1862-849,33792," THINNER, LACQUER 4L",LDOC,,PART,PART,*,*,1545#BCRTC,+,+
0054,7010,msds0054_202305031559.pdf,M43-17-0000-057,33938," PASTE, METAL",LDOC,,PART,PART,*,*,7010#BCRTC,+,+
0055,5838,msds0055_202305031614.pdf,M28-44-0000-040,33972," DUCTSEAL, PUTTY FILL 1#",LDOC,,PART,PART,*,*,5838#BCRTC,+,+
0056,24065,msds0056_202305031614.pdf,C00-42-0342-042,33989," LUBRICANT, ISO 68 SWITCH",LDOC,,PART,PART,*,*,24065#BCRTC,+,+
0057,5337,msds0057_202305031624.pdf,M18-64-0000-009,34014," COATING, GC SILICONE",LDOC,,PART,PART,*,*,5337#BCRTC,+,+
0058,17907,msds0058_202305031624.pdf,M40-57-0000-061,34018," GREASE, AUTOL TOP 2000 .",LDOC,,PART,PART,*,*,17907#BCRTC,+,+
0060,212,msds0060_202305031559.pdf,A04-08-4070-481,33911," LUBRICANT, SILICONE SPRA",LDOC,,PART,PART,*,*,212#BCRTC,+,+
0061,5313,msds0061_202305031614.PDF,M43-17-0000-067,33968," PUTTY, ALUMINUM LOCTITE",LDOC,,PART,PART,*,*,5313#BCRTC,+,+
0064,4886,msds0064_202305031614.pdf,M18-62-0000-019,33982," PAINT, SPRAY GALVANIZE",LDOC,,PART,PART,*,*,4886#BCRTC,+,+
0065,5880,msds0065_202305031624.pdf,M43-17-0000-018,34034," COMPOUND CUTTING/TAPPING",LDOC,,PART,PART,*,*,5880#BCRTC,+,+
0066,5614,msds0066_202305031624.pdf,M18-62-0000-003,34020," PAINT, SPRAY BLACK",LDOC,,PART,PART,*,*,5614#BCRTC,+,+
0066,5615,msds0066_202305031624.pdf,M18-62-0000-004,34020," PAINT, SPRAY BLUE",LDOC,,PART,PART,*,*,5615#BCRTC,+,+
0066,5616,msds0066_202305031624.pdf,M18-62-0000-005,34020," PAINT, SPRAY BROWN",LDOC,,PART,PART,*,*,5616#BCRTC,+,+
0066,5617,msds0066_202305031624.pdf,M18-62-0000-006,34020," PAINT, SPRAY GREEN",LDOC,,PART,PART,*,*,5617#BCRTC,+,+
0066,5618,msds0066_202305031624.pdf,M18-62-0000-007,34020," PAINT, SPRAY RED",LDOC,,PART,PART,*,*,5618#BCRTC,+,+
0066,5619,msds0066_202305031624.pdf,M18-62-0000-008,34020," PAINT, SPRAY WHITE GLOSS",LDOC,,PART,PART,*,*,5619#BCRTC,+,+
0066,5620,msds0066_202305031624.pdf,M18-62-0000-009,34020," PAINT, SPRAY YELLOW",LDOC,,PART,PART,*,*,5620#BCRTC,+,+
0067,23316,msds0067_202305031559.pdf,M40-85-0000-078,33918," CLEANER, HVAC EVAPORATOR",LDOC,,PART,PART,*,*,23316#BCRTC,+,+
0068,23314,msds0068_202305022237.pdf,M43-17-0000-095,33801," SEALANT, LOCTITE 548 GAS",LDOC,,PART,PART,*,*,23314#BCRTC,+,+
0070,24239,msds0070_202305022237.pdf,M43-17-0000-097,33795," ARMOURCAST, STRUCTURAL M",LDOC,,PART,PART,*,*,24239#BCRTC,+,+
0071,10332,msds0071_202305031624.pdf,C00-03-0303-043,34025," OIL, QUINTOLUBRIC",LDOC,,PART,PART,*,*,10332#BCRTC,+,+
0071,24539,msds0071_202305031624.pdf,C00-03-0303-200,34025," OIL, QUINTOLUBRIC 20 LTR",LDOC,,PART,PART,*,*,24539#BCRTC,+,+
0072,24219,msds0072_202305031624.pdf,M43-17-0000-096,34045," ADHESIVE, LOCTITE 404",LDOC,,PART,PART,*,*,24219#BCRTC,+,+
0073,5325,msds0073_202305031614.pdf,M43-17-0000-026,33988," COMPOUND, RETAINING",LDOC,,PART,PART,*,*,5325#BCRTC,+,+
0074,5621,msds0074_202305031624.pdf,M18-62-0000-010,34015," PRIMER, SPRAY RED OXIDE",LDOC,,PART,PART,*,*,5621#BCRTC,+,+
0074,10410,msds0074_202305031624.pdf,M18-62-0000-026,34015," PRIMER, SPRAY WHITE",LDOC,,PART,PART,*,*,10410#BCRTC,+,+
0075,16853,msds0075_202305031559.pdf,C00-12-0312-135,33919,GREASE,LDOC,,PART,PART,*,*,16853#BCRTC,+,+
0077,4887,msds0077_202305031610.pdf,M18-62-0000-020,33957," PAINT, GRAY GLYPTL AERO",LDOC,,PART,PART,*,*,4887#BCRTC,+,+
0078,24121,msds0078_202305031559.pdf,M40-57-0000-072,33936," LUBRICANT, THUNDERBOLT",LDOC,,PART,PART,*,*,24121#BCRTC,+,+
0080,5921,msds0080_202305031614.pdf,M43-17-0000-046,34009,"SEALANT, SILICONE BLACK",LDOC,,PART,PART,*,*,5921#BCRTC,+,+
0081,5922,msds0081_202305031614.pdf,M43-17-0000-047,33999,"SEALANT, SILICONE CLEAR",LDOC,,PART,PART,*,*,5922#BCRTC,+,+
0083,16997,msds0083_202305031559.pdf,E04-97-0597-017,33947," OIL, ESCALATOR #2- 20 lt",LDOC,,PART,PART,*,*,16997#BCRTC,+,+
0084,19174,msds0084_202305022233.pdf,M43-17-0000-080,33773," SEALANT, WHITE TEFLON 12",LDOC,,PART,PART,*,*,19174#BCRTC,+,+
0085,22374,msds0085_202305022237.pdf,M40-85-0000-077,33800," DEGREASER, ORGANIC SOURC",LDOC,,PART,PART,*,*,22374#BCRTC,+,+
0086,19175,msds0086_202305031624.pdf,M43-17-0000-081,34027,"COMPOUND, HEAT SINK",LDOC,,PART,PART,*,*,19175#BCRTC,+,+
0087,5920,msds0087_202305022016.pdf,M43-17-0000-045,33029,"SEALANT, SILICONE WHITE",LDOC,,PART,PART,*,*,5920#BCRTC,+,+
0088,5883,msds0088_202305031614.pdf,M40-57-0000-019,33986," LUBRICANT, DRY SPRAY",LDOC,,PART,PART,*,*,5883#BCRTC,+,+
0089,5025,msds0089_202305031614.pdf,M28-44-0000-007,34003," PUTTY, INSULATING",LDOC,,PART,PART,*,*,5025#BCRTC,+,+
0090,5918,msds0090_202305031559.pdf,M43-17-0000-043,33941," CAULKING, WHITE BUTYL",LDOC,,PART,PART,*,*,5918#BCRTC,+,+
0091,6457,msds0091_202305022237.pdf,M43-17-0000-042,33798," SEALANT, FORM-A-GASKET",LDOC,,PART,PART,*,*,6457#BCRTC,+,+
0092,21397,msds0092_202305022233.pdf,A11-29-0111-017,33780," SEALANT, BAULTAFLEX 2010",LDOC,,PART,PART,*,*,21397#BCRTC,+,+
0093,9668,msds0093_202305031624.pdf,M40-57-0000-015,34032," LUBRICANT, LPS-1 12oz",LDOC,,PART,PART,*,*,9668#BCRTC,+,+
0096,5250,msds0096_202305031624.pdf,M18-64-0000-004,34013," COATING, ACRYLIC",LDOC,,PART,PART,*,*,5250#BCRTC,+,+
0100,21489,msds0100_202305031624.pdf,M40-85-0000-072,34024,"REMOVER, GRAFFITI 20L",LDOC,,PART,PART,*,*,21489#BCRTC,+,+
0100,25924,msds0100_202305031624.pdf,M40-85-0000-086,34024," REMOVER, TRAIN GRAFFITI",LDOC,,PART,PART,*,*,25924#BCRTC,+,+
0101,5321,msds0101_202305031624.pdf,M43-17-0000-022,34036," THREADLOCKER, LOW ST",LDOC,,PART,PART,*,*,5321#BCRTC,+,+
0102,5322,msds0102_202305022233.pdf,M43-17-0000-023,33782," THREADLOCKER, REMOVABLE",LDOC,,PART,PART,*,*,5322#BCRTC,+,+
0104,19595,msds0104_202305022237.pdf,A11-19-0403-008,33805," ADHESIVE, CONTACT R196",LDOC,,PART,PART,*,*,19595#BCRTC,+,+
0105,21802,msds0105_202305031614.pdf,A11-07-0111-005,33990," EPOXY, COLD CURE (2PART",LDOC,,PART,PART,*,*,21802#BCRTC,+,+
0107,6994,msds0107_202305031559.pdf,M43-17-0000-055,33950,"EPOXY, STEEL LIQUID B",LDOC,,PART,PART,*,*,6994#BCRTC,+,+
0108,6994,msds0108_202305031559.pdf,M43-17-0000-055,33935,"EPOXY, STEEL LIQUID B",LDOC,,PART,PART,*,*,6994#BCRTC,+,+
0109,5873,msds0109_202305021953.pdf,M43-17-0000-015,32817,"FLUID, MACH LAYOUT BLUE",LDOC,,PART,PART,*,*,5873#BCRTC,+,+
0110,19770,msds0110_202305021953.pdf,M18-62-0000-049,32818," PAINT, GLOSS WHITE TREMC",LDOC,,PART,PART,*,*,19770#BCRTC,+,+
0111,11008,msds0111_202305021953.pdf,M95-70-0000-065,32819," FLUX, SILVER SOLDER",LDOC,,PART,PART,*,*,11008#BCRTC,+,+
0112,19594,msds0112_202305031559.pdf,A11-19-0403-007,33928," COMPOUND, KIT  2669 BEIG",LDOC,,PART,PART,*,*,19594#BCRTC,+,+
0113,11009,msds0113_202305021956.pdf,M95-70-0000-066,32834," SOLDER, SILVER",LDOC,,PART,PART,*,*,11009#BCRTC,+,+
0114,12127,msds0114_202305021956.pdf,M38-35-0000-019,32835,"&CYLINDER, ACETYLENE MINI",LDOC,,PART,PART,*,*,12127#BCRTC,+,+
0115,24492,msds0115_202305021956.pdf,M43-17-0000-100,32836," THREADLOCKER, LOCTITE 29",LDOC,,PART,PART,*,*,24492#BCRTC,+,+
0116,20184,msds0116_202305021956.pdf,G07-87-0787-020,32837," DISINFECTANT, BACTERIA K",LDOC,,PART,PART,*,*,20184#BCRTC,+,+
0117,23295,msds0117_202305021956.pdf,M40-57-0000-068,32838," GREASE, SUPER LUBE SYNTH",LDOC,,PART,PART,*,*,23295#BCRTC,+,+
0118,17932,msds0118_202305021956.pdf,M40-85-0000-054,32839," GARNET, 20-40 MESH 55LB",LDOC,,PART,PART,*,*,17932#BCRTC,+,+
0119,7066,msds0119_202305021956.pdf,M38-35-0000-002,32840,"&CYLINDER, OXYGEN D",LDOC,,PART,PART,*,*,7066#BCRTC,+,+
0119,12128,msds0119_202305021956.pdf,M38-35-0000-018,32840,"&CYLINDER, OXYGEN MINI",LDOC,,PART,PART,*,*,12128#BCRTC,+,+
0120,18661,msds0120_202305031559.pdf,M43-17-0000-079,33931," ADHESIVE, LOCTITE #638-5",LDOC,,PART,PART,*,*,18661#BCRTC,+,+
0121,24644,msds0121_202305021956.pdf,M43-17-0000-102,32841," ADHESIVE, TIE PLUG GLUE",LDOC,,PART,PART,*,*,24644#BCRTC,+,+
0122,5180,msds0122_202305021956.pdf,M38-35-0000-010,32842,"&EXTINGUISHER, CO2 10#",LDOC,,PART,PART,*,*,5180#BCRTC,+,+
0122,5181,msds0122_202305021956.pdf,M38-35-0000-011,32842,"&EXTINGUISHER, CO2 15#",LDOC,,PART,PART,*,*,5181#BCRTC,+,+
0123,5283,msds0123_202305021956.pdf,M40-85-0000-014,32843," ISOPROPYL, 1 LITRE",LDOC,,PART,PART,*,*,5283#BCRTC,+,+
0124,5335,msds0124_202305021956.pdf,M43-17-0000-040,32844," SEALANT, SILCONE WHITE E",LDOC,,PART,PART,*,*,5335#BCRTC,+,+
0125,5252,msds0125_202305021958.pdf,M43-17-0000-010,32845," BUTANE CYLINDER 165 GRAM",LDOC,,PART,PART,*,*,5252#BCRTC,+,+
0126,20926,msds0126_202305021958.pdf,E04-92-0592-144,32846," PAINT, SPRAY TRMCLAD YEL",LDOC,,PART,PART,*,*,20926#BCRTC,+,+
0127,24644,msds0127_202305021958.pdf,M43-17-0000-102,32847," ADHESIVE, TIE PLUG GLUE",LDOC,,PART,PART,*,*,24644#BCRTC,+,+
0128,20255,msds0128_202305021958.pdf,M40-85-0000-062,32849," REMOVER, GRAFFITI SPRAY",LDOC,,PART,PART,*,*,20255#BCRTC,+,+
0130,5877,msds0130_202305021958.pdf,M40-57-0000-011,32852," GREASE, 400G. CARTRIDGE",LDOC,,PART,PART,*,*,5877#BCRTC,+,+
0131,5271,msds0131_202305021958.pdf,M40-57-0000-035,32853," OIL",LDOC,,PART,PART,*,*,5271#BCRTC,+,+
0132,6862,msds0132_202305021958.pdf,M38-40-0000-018,32854," SOLUTION, LENS CLEAN 4LT",LDOC,,PART,PART,*,*,6862#BCRTC,+,+
0133,21357,msds0133_202305021958.pdf,M18-62-0000-057,32855," PRIMER, THREADLOCKER 764",LDOC,,PART,PART,*,*,21357#BCRTC,+,+
0134,5311,msds0134_202305021958.pdf,M43-17-0000-065,32856,"ADHESIVE, LOCTITE",LDOC,,PART,PART,*,*,5311#BCRTC,+,+
0136,14171,msds0136_202305021958.pdf,M40-57-0000-055,32858," LUBRICANT, LPS TEFLON",LDOC,,PART,PART,*,*,14171#BCRTC,+,+
0141,21936,msds0141_202305021958.pdf,A13-05-0403-008,32860," GREASE, SKF LGAF-3E ANTI",LDOC,,PART,PART,*,*,21936#BCRTC,+,+
0142,5908,msds0142_202305021958.pdf,M43-14-0000-008,32861,"MARKER, GREEN WITNESS",LDOC,,PART,PART,*,*,5908#BCRTC,+,+
0142,5909,msds0142_202305021958.pdf,M43-14-0000-009,32861,"MARKER, ORANGE WITNESS",LDOC,,PART,PART,*,*,5909#BCRTC,+,+
0143,8945,msds0143_202305021958.pdf,M43-17-0000-060,32862," ADHESIVE, LOCTITE",LDOC,,PART,PART,*,*,8945#BCRTC,+,+
0144,24154,msds0144_202305021958.pdf,M52-02-0000-095,32863," ANTI-FOAM, 4LTR AGENT",LDOC,,PART,PART,*,*,24154#BCRTC,+,+
0145,5319,msds0145_202305021958.pdf,M43-17-0000-020,32864," ADHESIVE, LOCTITE 330 DE",LDOC,,PART,PART,*,*,5319#BCRTC,+,+
0146,20269,msds0146_202305021958.pdf,M18-64-0000-014,32865,"COATING, SILICONE",LDOC,,PART,PART,*,*,20269#BCRTC,+,+
0147,20281,msds0147_202305021958.pdf,M18-62-0000-051,32866," PAINT, LATEX GRAFFITI",LDOC,,PART,PART,*,*,20281#BCRTC,+,+
0150,23715,msds0150_202305021958.pdf,M40-57-0000-070,32868," LUBRICANT, LOCK",LDOC,,PART,PART,*,*,23715#BCRTC,+,+
0151,5248,msds0151_202305021958.pdf,M43-17-0000-008,32870," COMPOUND, PENETROX-A 8oz",LDOC,,PART,PART,*,*,5248#BCRTC,+,+
0152,5262,msds0152_202305021958.pdf,M40-57-0000-023,32871," COMPOUND, SILICONE/DIELE",LDOC,,PART,PART,*,*,5262#BCRTC,+,+
0152,7213,msds0152_202305021958.pdf,M43-17-0000-003,32871," COMPOUND, DC-4 8# TUB",LDOC,,PART,PART,*,*,7213#BCRTC,+,+
0153,13957,msds0153_202305021958.pdf,M18-62-0000-029,32872," REDUCER, FAST THINNER",LDOC,,PART,PART,*,*,13957#BCRTC,+,+
0155,20260,msds0155_202305021958.pdf,M38-03-0000-044,32873," DISINFECTANT, ONOX FOOT",LDOC,,PART,PART,*,*,20260#BCRTC,+,+
0156,5885,msds0156_202305021958.pdf,M40-85-0000-001,32874," SOLVENT, ACETONE 1LT",LDOC,,PART,PART,*,*,5885#BCRTC,+,+
0157,5186,msds0157_202305022233.pdf,M38-35-0000-016,33788," TESTER, SMOKE DETECTOR",LDOC,,PART,PART,*,*,5186#BCRTC,+,+
0158,20420,msds0158_202305022000.pdf,M40-85-0000-063,32875," CLEANER, PROTOCOL K-651",LDOC,,PART,PART,*,*,20420#BCRTC,+,+
0159,14771,msds0159_202305022000.pdf,B00-07-0207-015,32876," KIT, SPLICE MULTI PR CAB",LDOC,,PART,PART,*,*,14771#BCRTC,+,+
0161,17711,msds0161_202305022000.pdf,M40-85-0000-052,32878,"VARSOL, 4LTR",LDOC,,PART,PART,*,*,17711#BCRTC,+,+
0162,5282,msds0162_202305022000.pdf,M40-85-0000-013,32879," SOLVENT, 409B 340G",LDOC,,PART,PART,*,*,5282#BCRTC,+,+
0164,5310,msds0164_202305022000.pdf,M43-17-0000-064,32881," ADHESIVE,  LOCTITE 409 Q",LDOC,,PART,PART,*,*,5310#BCRTC,+,+
0165,5259,msds0165_202305022000.pdf,M40-57-0000-009,32882," GREASE, DOW MOLY",LDOC,,PART,PART,*,*,5259#BCRTC,+,+
0169,5273,msds0169_202305022000.pdf,M40-57-0000-037,32886," OIL, ESSO",LDOC,,PART,PART,*,*,5273#BCRTC,+,+
0170,13923,msds0170_202305022000.pdf,M40-57-0000-051,32887," LUBRICANT, LPS-2 12oz",LDOC,,PART,PART,*,*,13923#BCRTC,+,+
0171,5323,msds0171_202305022000.pdf,M43-17-0000-024,32888," THREADLOCKER, HIGH ST",LDOC,,PART,PART,*,*,5323#BCRTC,+,+
0172,12755,msds0172_202305022000.pdf,M43-17-0000-050,32889,"COMPOUND, PENETROX E",LDOC,,PART,PART,*,*,12755#BCRTC,+,+
0173,11073,msds0173_202305022000.pdf,M40-57-0000-046,32890," LUBRICANT, LPS-2",LDOC,,PART,PART,*,*,11073#BCRTC,+,+
0174,20941,msds0174_202305022000.pdf,M43-17-0000-087,32891," FLUID, CUTTING RAPID-TAP",LDOC,,PART,PART,*,*,20941#BCRTC,+,+
0175,14134,msds0175_202305022000.pdf,M40-57-0000-054,32892," OIL, HYDRAULIC NUTO H-C",LDOC,,PART,PART,*,*,14134#BCRTC,+,+
0176,14496,msds0176_202305022000.pdf,M40-85-0000-041,32893," CLEANER, SUPER HFE",LDOC,,PART,PART,*,*,14496#BCRTC,+,+
0178,5314,msds0178_202305022000.pdf,M43-17-0000-068,32896," ADHESIVE, EPOXY PTCH KIT",LDOC,,PART,PART,*,*,5314#BCRTC,+,+
0180,14132,msds0180_202305022000.pdf,M40-85-0000-039,32897,"MEDIA, PLASTIC 20/30 #2",LDOC,,PART,PART,*,*,14132#BCRTC,+,+
0181,5354,msds0181_202305022000.pdf,M52-02-0000-006,32899," DISINFECTANT, MIRACLE",LDOC,,PART,PART,*,*,5354#BCRTC,+,+
0183,20838,msds0183_202305022000.pdf,M40-57-0000-064,32900," GREASE, LPS WHITE LITHIU",LDOC,,PART,PART,*,*,20838#BCRTC,+,+
0184,11066,msds0184_202305022000.pdf,M38-40-0000-091,32901," SOLUTION, EYEWASH FLUID",LDOC,,PART,PART,*,*,11066#BCRTC,+,+
0184,12536,msds0184_202305022000.pdf,M38-40-0000-093,32901," SOLUTION, EYEWASH STAT",LDOC,,PART,PART,*,*,12536#BCRTC,+,+
0186,5312,msds0186_202305022000.pdf,M43-17-0000-066,32902," ADHESIVE, BLACK MAX 1oz",LDOC,,PART,PART,*,*,5312#BCRTC,+,+
0188,5878,msds0188_202305022000.pdf,M40-57-0000-012,32903," GREASE, TRC#880 #2-429ML",LDOC,,PART,PART,*,*,5878#BCRTC,+,+
0188,13111,msds0188_202305022000.pdf,M40-57-0000-049,32903," GREASE, TRC#880 #2 5 GAL",LDOC,,PART,PART,*,*,13111#BCRTC,+,+
0189,5261,msds0189_202305031559.pdf,M40-57-0000-020,33920," GREASE, VEH WHEEL BRG",LDOC,,PART,PART,*,*,5261#BCRTC,+,+
0190,11124,msds0190_202305022004.pdf,A11-04-0203-018,32905," ADHESIVE, METAL-GLASS",LDOC,,PART,PART,*,*,11124#BCRTC,+,+
0192,10148,msds0192_202305022004.pdf,A13-01-4070-301,32906," STICK, LUBE",LDOC,,PART,PART,*,*,10148#BCRTC,+,+
0193,9123,msds0193_202305022004.pdf,M40-57-0000-002,32907," GREASE, RINGSPRING FS-1",LDOC,,PART,PART,*,*,9123#BCRTC,+,+
0195,18296,msds0195_202305022004.pdf,A08-13-0108-016,32909," COMPOUND, DIELECTRIC GEL",LDOC,,PART,PART,*,*,18296#BCRTC,+,+
0197,20668,msds0197_202305022004.pdf,M43-17-0000-086,32910," ADHESIVE, 3M SCOTCHGRIP",LDOC,,PART,PART,*,*,20668#BCRTC,+,+
0198,20997,msds0198_202305022004.pdf,E04-90-0590-051,32911," DEODORIZER, M-CHEM DIGES",LDOC,,PART,PART,*,*,20997#BCRTC,+,+
0199,10167,msds0199_202305022004.pdf,M43-17-0000-061,32912," ADHESIVE, PCU BUS BAR",LDOC,,PART,PART,*,*,10167#BCRTC,+,+
0200,10167,msds0200_202305022004.pdf,M43-17-0000-061,32914," ADHESIVE, PCU BUS BAR",LDOC,,PART,PART,*,*,10167#BCRTC,+,+
0201,18066,msds0201_202305022004.pdf,M40-85-0000-055,32916," CLEANER, SUPER CONTACT (",LDOC,,PART,PART,*,*,18066#BCRTC,+,+
0202,5270,msds0202_202305022004.pdf,M40-57-0000-034,32917," OIL",LDOC,,PART,PART,*,*,5270#BCRTC,+,+
0204,5319,msds0204_202305022004.pdf,M43-17-0000-020,32919," ADHESIVE, LOCTITE 330 DE",LDOC,,PART,PART,*,*,5319#BCRTC,+,+
0205,8819,msds0205_202305022004.pdf,M40-57-0000-014,32920," LUBRICANT, MOOVIT",LDOC,,PART,PART,*,*,8819#BCRTC,+,+
0206,21021,msds0206_202305022004.pdf,M43-17-0000-088,32921,"ADHESIVE, LOCTITE #414",LDOC,,PART,PART,*,*,21021#BCRTC,+,+
0207,5246,msds0207_202305022004.pdf,M43-17-0000-006,32922," COMPOUND, LEAK DETECTOR",LDOC,,PART,PART,*,*,5246#BCRTC,+,+
0211,5314,msds0211_202305022004.pdf,M43-17-0000-068,32924," ADHESIVE, EPOXY PTCH KIT",LDOC,,PART,PART,*,*,5314#BCRTC,+,+
0214,23192,msds0214_202305022004.pdf,A02-02-0503-002,32927," PAINT, STANCHION YELLOW",LDOC,,PART,PART,*,*,23192#BCRTC,+,+
0220,5245,msds0220_202305022004.pdf,M43-17-0000-005,32928," COMPOUND, TECTYL 121-B",LDOC,,PART,PART,*,*,5245#BCRTC,+,+
0222,3703,msds0222_202305022004.pdf,E04-92-4057-611,32930," OIL, ESCALATOR BUCKET",LDOC,,PART,PART,*,*,3703#BCRTC,+,+
0223,9891,msds0223_202305022004.pdf,M40-57-0000-016,32932," LUBRICANT, AD2000 14oz",LDOC,,PART,PART,*,*,9891#BCRTC,+,+
0224,12756,msds0224_202305022004.pdf,M43-17-0000-051,32933," PRIMER, B66 A1320",LDOC,,PART,PART,*,*,12756#BCRTC,+,+
0228,20393,msds0228_202305022004.pdf,M40-57-0000-063,32936," GREASE, TRC#880 #1-429ML",LDOC,,PART,PART,*,*,20393#BCRTC,+,+
0229,20822,msds0229_202305022004.pdf,M52-02-0000-079,32937," WIPES, MONSTER/MULTI PUR",LDOC,,PART,PART,*,*,20822#BCRTC,+,+
0230,14577,msds0230_202305022004.pdf,M43-17-0000-074,32938,"COMPOUND, RUBBING",LDOC,,PART,PART,*,*,14577#BCRTC,+,+
0232,20998,msds0232_202305022004.pdf,G07-87-0787-034,32939," DEODORZIER, DENEUTRA-0 1",LDOC,,PART,PART,*,*,20998#BCRTC,+,+
0234,9490,msds0234_202305022004.pdf,M40-85-0000-003,32940," DEVELOPER, MAGNAFLUX",LDOC,,PART,PART,*,*,9490#BCRTC,+,+
0235,9489,msds0235_202305022004.pdf,M40-85-0000-002,32941," PENETRANT, DYE MAGNAFLUX",LDOC,,PART,PART,*,*,9489#BCRTC,+,+
0236,9491,msds0236_202305022004.pdf,M40-85-0000-004,32943," CLEANER, MAGNAFLUX",LDOC,,PART,PART,*,*,9491#BCRTC,+,+
0237,16720,msds0237_202305022004.pdf,M43-17-0000-076,32944," FLUID, BAND SAW",LDOC,,PART,PART,*,*,16720#BCRTC,+,+
0238,21032,msds0238_202305022004.pdf,M43-17-0000-089,32945," SEALANT, PERMATEX AVIATI",LDOC,,PART,PART,*,*,21032#BCRTC,+,+
0240,4889,msds0240_202305022004.pdf,M18-62-0000-023,32946," THINNER, PAINT 4L",LDOC,,PART,PART,*,*,4889#BCRTC,+,+
0241,20534,msds0241_202305022004.pdf,G07-87-0787-026,32947,"SOLUTION, BUFFER PH10",LDOC,,PART,PART,*,*,20534#BCRTC,+,+
0242,20535,msds0242_202305022004.pdf,G07-87-0787-027,32948,"SOLUTION, BUFFER PH07",LDOC,,PART,PART,*,*,20535#BCRTC,+,+
0243,20536,msds0243_202305022004.pdf,G07-87-0787-028,32949,"SOLUTION, BUFFER PH04",LDOC,,PART,PART,*,*,20536#BCRTC,+,+
0255,5338,msds0255_202305022008.pdf,M18-64-0000-010,32952," COMPOUND, FORM-A-THREAD",LDOC,,PART,PART,*,*,5338#BCRTC,+,+
0256,5338,msds0256_202305022008.pdf,M18-64-0000-010,32953," COMPOUND, FORM-A-THREAD",LDOC,,PART,PART,*,*,5338#BCRTC,+,+
0257,5338,msds0257_202305022008.pdf,M18-64-0000-010,32954," COMPOUND, FORM-A-THREAD",LDOC,,PART,PART,*,*,5338#BCRTC,+,+
0258,2613,msds0258_202305022008.pdf,C00-01-0301-455,32955,"JOINT, EPOXY BONDED RAIL",LDOC,,PART,PART,*,*,2613#BCRTC,+,+
0259,2613,msds0259_202305022008.pdf,C00-01-0301-455,32956,"JOINT, EPOXY BONDED RAIL",LDOC,,PART,PART,*,*,2613#BCRTC,+,+
0260,12409,msds0260_202305022008.pdf,M43-17-0000-049,32957," COMPOUND, HYD ADDITIVE",LDOC,,PART,PART,*,*,12409#BCRTC,+,+
0261,31362,msds0261_202305022008.pdf,C00-01-0301-004,32958," JOINT, EXPANSION KIT P1",LDOC,,PART,PART,*,*,31362#BCRTC,+,+
0262,31363,msds0262_202305022233.pdf,C00-01-0301-005,33775," JOINT, EXPANSION KIT P2",LDOC,,PART,PART,*,*,31363#BCRTC,+,+
0265,20943,msds0265_202305022008.pdf,M28-44-0000-059,32960,"PUTTY, FIRESTOP",LDOC,,PART,PART,*,*,20943#BCRTC,+,+
0266,5334,msds0266_202305022008.pdf,M43-17-0000-039,32962," SEALANT, LOCTITE 545 50M",LDOC,,PART,PART,*,*,5334#BCRTC,+,+
0268,12505,msds0268_202305022008.pdf,A11-04-0203-023,32963,"ACTIVATOR, FOR 324-30",LDOC,,PART,PART,*,*,12505#BCRTC,+,+
0270,4891,msds0270_202305022233.pdf,M18-62-0000-025,33774," VARNISH, INS GLYPTAL 4-L",LDOC,,PART,PART,*,*,4891#BCRTC,+,+
0271,21191,msds0271_202305022008.pdf,M40-57-0000-066,32964," GREASE, TRC #0-429ML TUB",LDOC,,PART,PART,*,*,21191#BCRTC,+,+
0272,24388,msds0272_202305022008.pdf,M40-57-0000-073,32965," OIL, TREATMENT STP 400ML",LDOC,,PART,PART,*,*,24388#BCRTC,+,+
0273,21201,msds0273_202305022008.pdf,M40-85-0000-071,32966," CLEANER, BATTERY MAINTEN",LDOC,,PART,PART,*,*,21201#BCRTC,+,+
0274,18654,msds0274_202305022008.pdf,M18-14-0000-005,32967," CONCRETE, HD-50",LDOC,,PART,PART,*,*,18654#BCRTC,+,+
0277,5286,msds0277_202305022008.pdf,M40-85-0000-018,32971," CLEANER, ELECT/ANTISTAT",LDOC,,PART,PART,*,*,5286#BCRTC,+,+
0279,5243,msds0279_202305022008.pdf,M18-64-0000-002,32973," SPRAY, COLD",LDOC,,PART,PART,*,*,5243#BCRTC,+,+
0281,7100,msds0281_202305022008.pdf,M52-02-0000-034,32976," CLEANER, HAND PERMATEX F",LDOC,,PART,PART,*,*,7100#BCRTC,+,+
0282,7168,msds0282_202305022008.pdf,M18-62-0000-001,32977," PAINT, ALUMINUM SPRAY",LDOC,,PART,PART,*,*,7168#BCRTC,+,+
0283,13496,msds0283_202305022008.pdf,M40-85-0000-036,32978," CLEANER, CONTACT",LDOC,,PART,PART,*,*,13496#BCRTC,+,+
0285,13521,msds0285_202305022008.pdf,M40-57-0000-050,32979," GREASE, KLUBER ISOFLEX T",LDOC,,PART,PART,*,*,13521#BCRTC,+,+
0286,22779,msds0286_202305031559.pdf,M43-17-0000-093,33924," PRIMER, 'T' LOCTITE 7471",LDOC,,PART,PART,*,*,22779#BCRTC,+,+
0287,22780,msds0287_202305022008.pdf,M43-17-0000-094,32980," COMPOUND, RETAINING LOCT",LDOC,,PART,PART,*,*,22780#BCRTC,+,+
0288,5278,msds0288_202305022008.pdf,M40-85-0000-009,32981," DEGREASER, PRESOLVE",LDOC,,PART,PART,*,*,5278#BCRTC,+,+
0289,10030,msds0289_202305022008.pdf,M40-85-0000-008,32982," DEGREASER, PRESOLVE",LDOC,,PART,PART,*,*,10030#BCRTC,+,+
0290,23894,msds0290_202305022008.pdf,M40-57-0000-071,32983," GREASE, THERMAL COMPOUND",LDOC,,PART,PART,*,*,23894#BCRTC,+,+
0291,9012,msds0291_202305022008.pdf,M43-17-0000-013,32984," SCOTCHGUARD",LDOC,,PART,PART,*,*,9012#BCRTC,+,+
0292,5171,msds0292_202305022008.pdf,M38-03-0000-030,32985," OINTMENT, BURN",LDOC,,PART,PART,*,*,5171#BCRTC,+,+
0294,20284,msds0294_202305031624.pdf,M43-17-0000-084,34042," ADHESIVE, PLIOGRIP 7770-",LDOC,,PART,PART,*,*,20284#BCRTC,+,+
0299,14169,msds0299_202305022008.pdf,M52-02-0000-066,32987," CLEANER, HAND 15oz.",LDOC,,PART,PART,*,*,14169#BCRTC,+,+
0300,13876,msds0300_202305022008.pdf,M40-85-0000-038,32988," PENETRANT, LST",LDOC,,PART,PART,*,*,13876#BCRTC,+,+
0301,25255,msds0301_202305022008.pdf,M18-62-0000-067,32989," VARNISH, ELECTRICAL SPRA",LDOC,,PART,PART,*,*,25255#BCRTC,+,+
0302,24493,msds0302_202305031624.pdf,M43-17-0000-101,34039," THREADLOCKER, LOCTITE 26",LDOC,,PART,PART,*,*,24493#BCRTC,+,+
0305,25270,msds0305_202305022008.pdf,A11-13-0403-010,32990," ADHESIVE, ACRYLIC",LDOC,,PART,PART,*,*,25270#BCRTC,+,+
0307,19576,msds0307_202305022008.pdf,A11-19-0403-005,32991," ADHESIVE, 310 URETHANE 1",LDOC,,PART,PART,*,*,19576#BCRTC,+,+
0308,19576,msds0308_202305022008.pdf,A11-19-0403-005,32993," ADHESIVE, 310 URETHANE 1",LDOC,,PART,PART,*,*,19576#BCRTC,+,+
0314,5239,msds0314_202305022008.pdf,M40-08-0000-001,32997," ANTIFREEZE, AUTO",LDOC,,PART,PART,*,*,5239#BCRTC,+,+
0314,5240,msds0314_202305022008.pdf,M40-08-0000-002,32997," ANTIFREEZE, HD MOBIL",LDOC,,PART,PART,*,*,5240#BCRTC,+,+
0318,5153,msds0318_202305022011.pdf,M38-03-0000-012,33000," WIPES, SANI-COM",LDOC,,PART,PART,*,*,5153#BCRTC,+,+
0320,5253,msds0320_202305022011.pdf,M43-17-0000-011,33002," AIR, PRESS AIRJET II",LDOC,,PART,PART,*,*,5253#BCRTC,+,+
0321,6865,msds0321_202305022011.pdf,M38-40-0000-021,33004," SOLUTION, LENS ANTI-FOG",LDOC,,PART,PART,*,*,6865#BCRTC,+,+
0322,14516,msds0322_202305022011.pdf,M40-57-0000-057,33005," LUBRICANT, O-RING SUPER",LDOC,,PART,PART,*,*,14516#BCRTC,+,+
0327,9667,msds0327_202305022011.pdf,M52-02-0000-002,33006," CLEANER, PRECISION CLEAN",LDOC,,PART,PART,*,*,9667#BCRTC,+,+
0330,24532,msds0330_202305022011.pdf,M52-02-0000-099,33007," CLEANER, HAND KRESTO",LDOC,,PART,PART,*,*,24532#BCRTC,+,+
0332,5272,msds0332_202305022011.pdf,M40-57-0000-036,33008," OIL, #30 4L",LDOC,,PART,PART,*,*,5272#BCRTC,+,+
0335,5269,msds0335_202305022011.pdf,M40-57-0000-033,33010," OIL, ATF",LDOC,,PART,PART,*,*,5269#BCRTC,+,+
0338,8944,msds0338_202305022016.pdf,M40-14-0000-001,33011," KEROSENE",LDOC,,PART,PART,*,*,8944#BCRTC,+,+
0340,21742,msds0340_202305022016.pdf,M40-85-0000-076,33012," CLEANER, WARRIOR 1 GALLO",LDOC,,PART,PART,*,*,21742#BCRTC,+,+
0341,25666,msds0341_202305022016.pdf,M40-85-0000-085,33013," CLEANER, CONTACT TREATME",LDOC,,PART,PART,*,*,25666#BCRTC,+,+
0342,25532,msds0342_202305022016.pdf,M40-85-0000-084,33014," CLEANER, HEINKEL LOCTITE",LDOC,,PART,PART,*,*,25532#BCRTC,+,+
0345,5281,msds0345_202305022016.pdf,M40-57-0000-043,33016," OIL, MOBILCUT 102",LDOC,,PART,PART,*,*,5281#BCRTC,+,+
0346,24961,msds0346_202305022016.pdf,M43-17-0000-103,33017," ADHESIVE, LOCTITE 411",LDOC,,PART,PART,*,*,24961#BCRTC,+,+
0347,12331,msds0347_202305022016.pdf,M40-57-0000-047,33018," LUBRICANT, LPS-3",LDOC,,PART,PART,*,*,12331#BCRTC,+,+
0351,21159,msds0351_202305022016.pdf,M18-62-0000-055,33020," HARDENER, 946ml U280/U35",LDOC,,PART,PART,*,*,21159#BCRTC,+,+
0352,3702,msds0352_202305022016.pdf,E04-92-4057-606,33021," OIL, ESCALATOR CHAIN",LDOC,,PART,PART,*,*,3702#BCRTC,+,+
0353,23903,msds0353_202305022016.pdf,E04-97-0597-138,33022,&SHOE BRAKE CM 3&4,LDOC,,PART,PART,*,*,23903#BCRTC,+,+
0355,5622,msds0355_202305022016.pdf,M18-62-0000-011,33023," PRIMER, SELF ETCHING",LDOC,,PART,PART,*,*,5622#BCRTC,+,+
0356,21160,msds0356_202305022016.pdf,M18-62-0000-056,33025," RESIN, FIBERGLASS C/W HA",LDOC,,PART,PART,*,*,21160#BCRTC,+,+
0357,21160,msds0357_202305022016.pdf,M18-62-0000-056,33026," RESIN, FIBERGLASS C/W HA",LDOC,,PART,PART,*,*,21160#BCRTC,+,+
0365,12758,msds0365_202305022031.pdf,M18-62-0000-027,33155," PAINT, GRAY R-M LIMCO",LDOC,,PART,PART,*,*,12758#BCRTC,+,+
0365,12759,msds0365_202305022031.pdf,M18-62-0000-028,33155," PAINT, BLACK R-M LIMCO",LDOC,,PART,PART,*,*,12759#BCRTC,+,+
0367,24022,msds0367_202305022031.pdf,M18-62-0000-063,33158," PAINT, LIMCO BLACK AEROS",LDOC,,PART,PART,*,*,24022#BCRTC,+,+
0368,24023,msds0368_202305022031.pdf,M18-62-0000-064,33159," PAINT, LIMCO GREY AEROSO",LDOC,,PART,PART,*,*,24023#BCRTC,+,+
0375,24845,msds0375_202305022031.pdf,E04-96-0596-100,33161," OIL, HYDRAULIC DOVER DRU",LDOC,,PART,PART,*,*,24845#BCRTC,+,+
0390,8889,msds0390_202305022016.pdf,M43-17-0000-012,33033," PROTECTANT, ARMORALL",LDOC,,PART,PART,*,*,8889#BCRTC,+,+
0391,5882,msds0391_202305022016.pdf,M40-57-0000-018,33034," OIL, TWO CYCLE",LDOC,,PART,PART,*,*,5882#BCRTC,+,+
0400,10494,msds0400_202305022016.pdf,M40-57-0000-045,33037," LUBRICANT, TEFLON DRY",LDOC,,PART,PART,*,*,10494#BCRTC,+,+
0401,13609,msds0401_202305022016.pdf,B01-21-0100-035,33038," BATTERY, LITHIUM 3V CR20",LDOC,,PART,PART,*,*,13609#BCRTC,+,+
0402,23471,msds0402_202305022016.pdf,M18-62-0000-060,33039," PRIMER, COLORBUILD PLUS",LDOC,,PART,PART,*,*,23471#BCRTC,+,+
0408,5875,msds0408_202305022016.pdf,M43-17-0000-017,33041," PROPANE CYLINDER 14.1 oz",LDOC,,PART,PART,*,*,5875#BCRTC,+,+
0410,5917,msds0410_202305022016.pdf,M43-17-0000-030,33042," ADHESIVE, WHITE GLUE",LDOC,,PART,PART,*,*,5917#BCRTC,+,+
0411,4885,msds0411_202305022016.pdf,M18-62-0000-018,33043," PAINT, ENAMEL YELLOW",LDOC,,PART,PART,*,*,4885#BCRTC,+,+
0414,5254,msds0414_202305022016.pdf,M40-57-0000-001,33044," FLUID, HYD. BRAKE H.D.",LDOC,,PART,PART,*,*,5254#BCRTC,+,+
0415,5266,msds0415_202305022016.pdf,M40-57-0000-030,33045," OIL, HYD ENERPAC",LDOC,,PART,PART,*,*,5266#BCRTC,+,+
0417,5257,msds0417_202305022016.pdf,M40-57-0000-007,33048," GREASE, LUBRIPLATE CRTG",LDOC,,PART,PART,*,*,5257#BCRTC,+,+
0418,3701,msds0418_202305022016.pdf,E04-92-4057-600,33049," OIL, ESCALTOR GEAR BOX",LDOC,,PART,PART,*,*,3701#BCRTC,+,+
0419,5163,msds0419_202305022016.pdf,M38-03-0000-022,33050," PACK, COLD",LDOC,,PART,PART,*,*,5163#BCRTC,+,+
0420,5179,msds0420_202305022024.pdf,M38-35-0000-008,33101,"&EXTINGUISHER, D/CHEM 10#",LDOC,,PART,PART,*,*,5179#BCRTC,+,+
0420,5182,msds0420_202305022024.pdf,M38-35-0000-012,33101,"&EXTINGUISHER, D/CHEM 5#",LDOC,,PART,PART,*,*,5182#BCRTC,+,+
0420,5183,msds0420_202305022024.pdf,M38-35-0000-013,33101,"&EXTINGUISHER, D/CHEM 10#",LDOC,,PART,PART,*,*,5183#BCRTC,+,+
0420,10153,msds0420_202305022024.pdf,M38-35-0000-003,33101,"&EXTINGUISHER, D CHEM 20#",LDOC,,PART,PART,*,*,10153#BCRTC,+,+
0422,5879,msds0422_202305022024.pdf,M40-57-0000-013,33102," GREASE, SKF  200G",LDOC,,PART,PART,*,*,5879#BCRTC,+,+
0423,10374,msds0423_202305022024.pdf,M38-03-0000-010,33103," LOTION, DERMA SHIELD",LDOC,,PART,PART,*,*,10374#BCRTC,+,+
0426,26116,msds0426_202305022024.pdf,M43-17-0000-108,33104," ADHESIVE, LOCTITE 426",LDOC,,PART,PART,*,*,26116#BCRTC,+,+
0427,27980,msds0427_202305022024.pdf,M43-17-0000-111,33105," ADHESIVE, PL FAST GRAB",LDOC,,PART,PART,*,*,27980#BCRTC,+,+
0433,5975,msds0433_202305022024.pdf,M52-02-0000-043,33108," COMPOUND, SANI SWEEP",LDOC,,PART,PART,*,*,5975#BCRTC,+,+
0434,5361,msds0434_202305022024.pdf,M52-02-0000-017,33110,"SOAP, DISH DETERGENT 6L",LDOC,,PART,PART,*,*,5361#BCRTC,+,+
0436,5356,msds0436_202305022024.pdf,M52-02-0000-008,33112," DEODORANT, ODORMASTER",LDOC,,PART,PART,*,*,5356#BCRTC,+,+
0437,10333,msds0437_202305022024.pdf,C00-03-0303-042,33113," OIL, ENGINE  20LT PAIL",LDOC,,PART,PART,*,*,10333#BCRTC,+,+
0438,5154,msds0438_202305022024.pdf,M38-03-0000-013,33114," DISINFECTANT, PCS",LDOC,,PART,PART,*,*,5154#BCRTC,+,+
0439,21516,msds0439_202305022024.pdf,M18-62-0000-058,33116," PRIMER, COLOURBUILD PLUS",LDOC,,PART,PART,*,*,21516#BCRTC,+,+
0441,24184,msds0441_202305022024.pdf,M18-62-0000-065,33118," ACTIVATOR, COLORBUILD PL",LDOC,,PART,PART,*,*,24184#BCRTC,+,+
0442,21157,msds0442_202305022024.pdf,M18-62-0000-053,33119," HARDENER, COLOURBUILD PL",LDOC,,PART,PART,*,*,21157#BCRTC,+,+
0444,5268,msds0444_202305022024.pdf,M40-57-0000-032,33121," OIL, HYDRAULC SHELL",LDOC,,PART,PART,*,*,5268#BCRTC,+,+
0448,5967,msds0448_202305022024.pdf,M52-02-0000-035,33122," CLEANER, GERMICIDAL SPRA",LDOC,,PART,PART,*,*,5967#BCRTC,+,+
0451,6627,msds0451_202305022024.pdf,M52-02-0000-003,33126," BLEACH, JAVEX",LDOC,,PART,PART,*,*,6627#BCRTC,+,+
0452,5968,msds0452_202305022024.pdf,M52-02-0000-036,33127," CLEANER, DRAIN (ZONK)",LDOC,,PART,PART,*,*,5968#BCRTC,+,+
0453,9411,msds0453_202305022024.pdf,M40-57-0000-025,33128," OIL, NON-DETERGENT",LDOC,,PART,PART,*,*,9411#BCRTC,+,+
0455,5971,msds0455_202305022024.pdf,M52-02-0000-039,33131," CLEANER, GLASS",LDOC,,PART,PART,*,*,5971#BCRTC,+,+
0460,5881,msds0460_202305022024.pdf,M40-57-0000-017,33134," OIL, MOTOR",LDOC,,PART,PART,*,*,5881#BCRTC,+,+
0461,10541,msds0461_202305022024.pdf,G03-00-0700-109,33135," OIL, LUBRICATING FEBIS K",LDOC,,PART,PART,*,*,10541#BCRTC,+,+
0470,14582,msds0470_202305022024.pdf,M43-17-0000-075,33136," COMPOUND, RUBBING",LDOC,,PART,PART,*,*,14582#BCRTC,+,+
0476,5902,msds0476_202305022024.pdf,M43-14-0000-001,33139," CHALK, REEL LINE RED",LDOC,,PART,PART,*,*,5902#BCRTC,+,+
0481,10227,msds0481_202305022024.pdf,B00-07-0207-001,33140,"KIT, SPLICE ATC LOOP INL",LDOC,,PART,PART,*,*,10227#BCRTC,+,+
0490,20783,msds0490_202305022024.pdf,M18-62-0000-052,33143," PAINT, SHE-CRYL HPA YELL",LDOC,,PART,PART,*,*,20783#BCRTC,+,+
0493,5267,msds0493_202305022024.pdf,M40-57-0000-031,33145," OIL, HYDRAULIC BRAKE 205",LDOC,,PART,PART,*,*,5267#BCRTC,+,+
0495,6215,msds0495_202305022024.pdf,M95-70-0000-061,33146," PASTE, SOLDER FLUX",LDOC,,PART,PART,*,*,6215#BCRTC,+,+
0496,5609,msds0496_202305022024.pdf,M95-70-0000-039,33147," SOLDER",LDOC,,PART,PART,*,*,5609#BCRTC,+,+
0497,5608,msds0497_202305022024.pdf,M95-70-0000-038,33148," SOLDER",LDOC,,PART,PART,*,*,5608#BCRTC,+,+
0497,13110,msds0497_202305022024.pdf,M95-70-0000-070,33148," SOLDER, 60/40 RESIN CORE",LDOC,,PART,PART,*,*,13110#BCRTC,+,+
0503,5915,msds0503_202305022031.pdf,M43-17-0000-028,33163," ADHESIVE, CONTACT CEMENT",LDOC,,PART,PART,*,*,5915#BCRTC,+,+
0506,21158,msds0506_202305022031.pdf,M18-62-0000-054,33166," PAINT, SKYTRAIN WHITE U3",LDOC,,PART,PART,*,*,21158#BCRTC,+,+
0511,14615,msds0511_202305022031.pdf,G03-00-0700-119,33167," OIL, GEAR",LDOC,,PART,PART,*,*,14615#BCRTC,+,+
0514,17154,msds0514_202305022031.pdf,M18-62-0000-041,33170," PAINT, INT BEIGE C/W HAR",LDOC,,PART,PART,*,*,17154#BCRTC,+,+
0514,18042,msds0514_202305022031.pdf,M18-62-0000-042,33170," PAINT, INT. GREY C/W HAR",LDOC,,PART,PART,*,*,18042#BCRTC,+,+
0520,14609,msds0520_202305022031.pdf,M18-62-0000-036,33171," PAINT, SPRAY YELLOW GRIN",LDOC,,PART,PART,*,*,14609#BCRTC,+,+
0521,16582,msds0521_202305022031.pdf,M40-85-0000-044,33172," CLEANER, BRIGHT TEST LV",LDOC,,PART,PART,*,*,16582#BCRTC,+,+
0523,16800,msds0523_202305022031.pdf,M52-02-0000-071,33174," SOAP, ANTIBACTERIAL DEBO",LDOC,,PART,PART,*,*,16800#BCRTC,+,+
0525,18420,msds0525_202305022031.pdf,M40-85-0000-057,33176," CLEANER, LIFT 910L TOTE",LDOC,,PART,PART,*,*,18420#BCRTC,+,+
0526,17551,msds0526_202305022031.pdf,M43-17-0000-078,33177," FLUID, VANDAL SHIELD",LDOC,,PART,PART,*,*,17551#BCRTC,+,+
0527,20938,msds0527_202305022031.pdf,E04-96-0596-085,33178," OIL. HYD. DOVER ELEVATOR",LDOC,,PART,PART,*,*,20938#BCRTC,+,+
0530,16083,msds0530_202305022031.pdf,M40-85-0000-043,33179," CLEANER, S.S. PH4/5",LDOC,,PART,PART,*,*,16083#BCRTC,+,+
0536,27533,msds0536_202305022031.pdf,M40-57-0000-076,33185," GREASE, NITRO RED (COUPL",LDOC,,PART,PART,*,*,27533#BCRTC,+,+
0536,27655,msds0536_202305022031.pdf,M40-57-0000-077,33185," LUBRICANT, NITROLUBE 20L",LDOC,,PART,PART,*,*,27655#BCRTC,+,+
0537,28235,msds0537_202305022031.pdf,M18-62-0000-068,33186," PAINT, SKYTRAIN BLACK U3",LDOC,,PART,PART,*,*,28235#BCRTC,+,+
0539,27079,msds0539_202305022031.PDF,C00-01-0301-001,33188," IN KIT, BONDED JOINT EPO",LDOC,,PART,PART,*,*,27079#BCRTC,+,+
0540,23177,msds0540_202305022031.pdf,E04-90-0590-069,33189," BATTERY, 6V EMERG LIGHT",LDOC,,PART,PART,*,*,23177#BCRTC,+,+
0542,27763,msds0542_202305022031.pdf,M38-03-0000-058,33191," WIPES, DISINFECTANT",LDOC,,PART,PART,*,*,27763#BCRTC,+,+
0543,27810,msds0543_202305022031.pdf,M40-85-0000-087,33192,"CLEANER, WINDSHIELD WASHE",LDOC,,PART,PART,*,*,27810#BCRTC,+,+
0548,27846,msds0548_202305022031.pdf,M40-57-0000-079,33197," LUBRICANT, LOCTITE SILIC",LDOC,,PART,PART,*,*,27846#BCRTC,+,+
0549,18169,msds0549_202305031614.pdf,D00-31-0431-006,33997," GREASE, FAN MOTOR",LDOC,,PART,PART,*,*,18169#BCRTC,+,+
0550,27835,msds0550_202305031614.pdf,M40-85-0000-088,34006," DEGREASER, SLAP SHOT",LDOC,,PART,PART,*,*,27835#BCRTC,+,+
0551,10084,msds0551_202305031624.pdf,M40-57-0000-042,34031," LUBRICANT, NEVERSEEZ MOL",LDOC,,PART,PART,*,*,10084#BCRTC,+,+
0552,21974,msds0552_202305022016.pdf,E04-90-0590-511,33028,"FOR BRUSH, MOTOR MAC DOOR",LDOC,,PART,PART,*,*,21974#BCRTC,+,+
0556,27416,msds0556_202305031614.pdf,A11-29-0111-031,33980," ADHESIVE, SEAM",LDOC,,PART,PART,*,*,27416#BCRTC,+,+
0622,22053,msds0622_202305022057.pdf,M18-62-0000-059,33356," ACCELERATOR, 998 250ml",LDOC,,PART,PART,*,*,22053#BCRTC,+,+
0637,24598,msds0637_202305022034.pdf,M40-85-0000-081,33209," DEGREASER, PURPLE POWER",LDOC,,PART,PART,*,*,24598#BCRTC,+,+
0645,21138,msds0645_202305022057.pdf,M40-85-0000-067,33363," SOLVENT, SKY-SOL 20L",LDOC,,PART,PART,*,*,21138#BCRTC,+,+
0646,24599,msds0646_202305022057.pdf,C00-42-0342-043,33364," GREASE, SWITCH PLATE ENV",LDOC,,PART,PART,*,*,24599#BCRTC,+,+
0661,24447,msds0661_202305022050.pdf,M43-17-0000-098,33303," COMPOUND, NIKKEI JOINTIN",LDOC,,PART,PART,*,*,24447#BCRTC,+,+
0676,24680,msds0676_202305022050.pdf,M40-85-0000-082,33318,BARE BRICK STONE & MASONR,LDOC,,PART,PART,*,*,24680#BCRTC,+,+
0680,14778,msds0680_202305022050.pdf,M18-62-0000-037,33321," PAINT, INTERIOR WHITE C/",LDOC,,PART,PART,*,*,14778#BCRTC,+,+
0680,14779,msds0680_202305022050.pdf,M18-62-0000-038,33321," PAINT, INTERIOR RED C/W",LDOC,,PART,PART,*,*,14779#BCRTC,+,+
0680,24338,msds0680_202305022050.pdf,M18-62-0000-066,33321," PAINT, INTERIOR BLUE C/W",LDOC,,PART,PART,*,*,24338#BCRTC,+,+
0681,14778,msds0681_202305022050.pdf,M18-62-0000-037,33322," PAINT, INTERIOR WHITE C/",LDOC,,PART,PART,*,*,14778#BCRTC,+,+
0681,14779,msds0681_202305022050.pdf,M18-62-0000-038,33322," PAINT, INTERIOR RED C/W",LDOC,,PART,PART,*,*,14779#BCRTC,+,+
0681,24338,msds0681_202305022050.pdf,M18-62-0000-066,33322," PAINT, INTERIOR BLUE C/W",LDOC,,PART,PART,*,*,24338#BCRTC,+,+
0683,24547,msds0683_202305022050.pdf,M40-85-0000-080,33324," REMOVER, GRAFFITI SAFEWI",LDOC,,PART,PART,*,*,24547#BCRTC,+,+
0687,21568,msds0687_202305022050.pdf,M40-85-0000-075,33327," SOLVENT, MIRACHEM",LDOC,,PART,PART,*,*,21568#BCRTC,+,+
0688,21544,msds0688_202305022050.pdf,M40-85-0000-074,33328," SOLVENT, MIRACLEAN 500 5",LDOC,,PART,PART,*,*,21544#BCRTC,+,+
0690,25004,msds0690_202305022050.pdf,M40-85-0000-083,33330," CLEANER, PARTS WASHER DR",LDOC,,PART,PART,*,*,25004#BCRTC,+,+
0691,20460,msds0691_202305022050.pdf,M40-85-0000-064,33331,"DEGREASER, ZEP ORANGE GEL",LDOC,,PART,PART,*,*,20460#BCRTC,+,+
0693,24471,msds0693_202305022050.pdf,M40-57-0000-075,33333," GREASE, MOBIL XHP222S",LDOC,,PART,PART,*,*,24471#BCRTC,+,+
0694,24470,msds0694_202305022050.pdf,M40-57-0000-074,33334," GREASE, MOBIL XHP222",LDOC,,PART,PART,*,*,24470#BCRTC,+,+
0695,24448,msds0695_202305022050.pdf,M43-17-0000-099,33335," THREADLOCKER, REMOVABLE",LDOC,,PART,PART,*,*,24448#BCRTC,+,+
0706,25490,msds0706_202305022050.pdf,F00-36-0636-006,33343," GREASE, CRANE CART 2 AXL",LDOC,,PART,PART,*,*,25490#BCRTC,+,+
0710,25123,msds0710_202305022043.pdf,M43-17-0000-104,33265," COMPOUND, RETAINING 680-",LDOC,,PART,PART,*,*,25123#BCRTC,+,+
0711,27076,msds0711_202305022043.pdf,M52-02-0000-104,33266," CLEANER, CLEAN AND GREEN",LDOC,,PART,PART,*,*,27076#BCRTC,+,+
0712,27100,msds0712_202305022043.pdf,M43-17-0000-109,33267,LOCTITE 603,LDOC,,PART,PART,*,*,27100#BCRTC,+,+
0721,24903,msds0721_202305022043.pdf,E04-90-0590-102,33276," OIL, HYD AW32 20L",LDOC,,PART,PART,*,*,24903#BCRTC,+,+
0724,29087,msds0724_202305022043.pdf,A04-01-0601-012,33279,"*BATTERY ASSY, MK3 C/W BM",LDOC,,PART,PART,*,*,29087#BCRTC,+,+
0726,14770,msds0726_202305022043.pdf,B00-07-0207-016,33281," KIT, SPLICE MULTI PR CAB",LDOC,,PART,PART,*,*,14770#BCRTC,+,+
0730,27434,msds0730_202305022043.pdf,E04-92-0592-182,33285," GREASE, MOBILITH SCH 460",LDOC,,PART,PART,*,*,27434#BCRTC,+,+
0737,27184,msds0737_202305022043.pdf,E04-86-0586-053,33292," OIL, LUBRICATION #2 1KG",LDOC,,PART,PART,*,*,27184#BCRTC,+,+
0738,27183,msds0738_202305022043.PDF,E04-86-0586-052,33293," OIL, MECH #68 4KG",LDOC,,PART,PART,*,*,27183#BCRTC,+,+
0739,28023,msds0739_202305022043.PDF,M40-08-0000-004,33294," ICE MELTER, ALASKAN PREM",LDOC,,PART,PART,*,*,28023#BCRTC,+,+
0743,28043,msds0743_202305022043.pdf,M52-02-0000-117,33298,SATIN FINISH FLOOR FINISH,LDOC,,PART,PART,*,*,28043#BCRTC,+,+
0745,27392,msds0745_202305022038.pdf,A11-02-0503-006,33215," SEALANT, SIKAFLEX-221 BL",LDOC,,PART,PART,*,*,27392#BCRTC,+,+
0746,27391,msds0746_202305022038.pdf,A11-02-0503-005,33216," SEALANT, SIKAFLEX-221 WH",LDOC,,PART,PART,*,*,27391#BCRTC,+,+
0747,28389,msds0747_202305022038.pdf,M43-17-0000-114,33217," SEALANT, SIKAFLEX 221 AL",LDOC,,PART,PART,*,*,28389#BCRTC,+,+
0748,12454,msds0748_202305022038.pdf,M40-85-0000-033,33218," BEADS, GLASS 50# BAG",LDOC,,PART,PART,*,*,12454#BCRTC,+,+
0753,28237,msds0753_202305022038.pdf,M18-62-0000-069,33223," PAINT, SKYTRAIN CHASSIS",LDOC,,PART,PART,*,*,28237#BCRTC,+,+
0763,27995,msds0763_202305022038.pdf,M43-17-0000-112,33233,"SEALANT, DYMONIC FC",LDOC,,PART,PART,*,*,27995#BCRTC,+,+
0769,25404,msds0769_202305022038.pdf,M38-40-0000-194,33239," SMOKE, IRRITANT FIT TEST",LDOC,,PART,PART,*,*,25404#BCRTC,+,+
0779,28238,msds0779_202305022038.pdf,M52-02-0000-126,33249," WIPES, BONDRITE AUTO PRE",LDOC,,PART,PART,*,*,28238#BCRTC,+,+
0793,25557,MSDS0793_202305022038.pdf,E03-75-0575-041,33263," BATTERY, UPS-2 9170+",LDOC,,PART,PART,*,*,25557#BCRTC,+,+
0800,27900,msds0800_202305022021.pdf,A06-03-0603-001,33072," GREASE, MK3 DOOR SCREW",LDOC,,PART,PART,*,*,27900#BCRTC,+,+
0801,27714,msds0801_202305022021.pdf,M40-57-0000-078,33073," GREASE, LAGERMEISTER 300",LDOC,,PART,PART,*,*,27714#BCRTC,+,+
0802,28023,msds0802_202305022021.pdf,M40-08-0000-004,33074," ICE MELT, TILSON BRAND",LDOC,,PART,PART,*,*,28023#BCRTC,+,+
0803,29769,msds0803_202305022021.pdf,A11-18-0403-018,33075," FILLER, FLOOR",LDOC,,PART,PART,*,*,29769#BCRTC,+,+
0804,23538,msds0804_202305022021.pdf,F00-40-0640-022,33076," SHOE, BRAKE SPEEDER 3 &",LDOC,,PART,PART,*,*,23538#BCRTC,+,+
0805,26413,msds0805_202305022021.pdf,F00-40-0640-030,33077,"SHOE, BRAKE SPEEDER 7 &8",LDOC,,PART,PART,*,*,26413#BCRTC,+,+
0806,30663,msds0806_202305022021.pdf,M18-64-0000-019,33078," BODY FILLER, 1 GALLON",LDOC,,PART,PART,*,*,30663#BCRTC,+,+
0807,30662,msds0807_202305022021.pdf,M18-64-0000-018,33079," PUTTY, GLAZING",LDOC,,PART,PART,*,*,30662#BCRTC,+,+
0808,30657,msds0808_202305022021.pdf,M38-03-0000-064,33080," SANITIZER, 1 GAL WITH PU",LDOC,,PART,PART,*,*,30657#BCRTC,+,+
0809,27889,msds0809_202305022021.pdf,M40-57-0000-080,33081," LUBRICANT, LIQUID WRENCH",LDOC,,PART,PART,*,*,27889#BCRTC,+,+
0814,31068,msds0814_202305022021.pdf,E04-98-0598-076,33086," CLEANER, HANDRAIL",LDOC,,PART,PART,*,*,31068#BCRTC,+,+
0815,31069,msds0815_202305022021.pdf,E04-98-0598-077,33087," SEALER, HANDRAIL",LDOC,,PART,PART,*,*,31069#BCRTC,+,+
0820,28160,msds0820_202305022021.pdf,F00-30-0630-055,33092," GREASE, GEARBOX",LDOC,,PART,PART,*,*,28160#BCRTC,+,+
0821,20184,msds0821_202305022021.pdf,G07-87-0787-020,33093," DISINFECTANT, BACTERIA K",LDOC,,PART,PART,*,*,20184#BCRTC,+,+
0822,20184,msds0822_202305022021.pdf,G07-87-0787-020,33094," DISINFECTANT, BACTERIA K",LDOC,,PART,PART,*,*,20184#BCRTC,+,+
0823,29768,msds0823_202305022021.pdf,A11-18-0403-017,33095," ADHESIVE, A0420",LDOC,,PART,PART,*,*,29768#BCRTC,+,+
0824,31353,msds0824_202305022021.pdf,M40-57-0000-088,33096," FLUID, BRAKE DOT 5 500ML",LDOC,,PART,PART,*,*,31353#BCRTC,+,+
0825,31461,msds0825_202305022021.pdf,M52-02-0000-131,33097,"CLEANER, MOLD CONTROL",LDOC,,PART,PART,*,*,31461#BCRTC,+,+
0828,31626,msds0828_202305022021.pdf,M52-02-0000-134,33100," CLEANER, OXIVIR PLUS DIS",LDOC,,PART,PART,*,*,31626#BCRTC,+,+
0830,23720,msds0830_202305031614.pdf,A11-19-0403-015,34000," ANTI SKID, BEHR FLOOR FI",LDOC,,PART,PART,*,*,23720#BCRTC,+,+
0831,2606,msds0831_202305031614.pdf,B01-20-0100-006,33979," PEN, BLACK NYLON MARKING",LDOC,,PART,PART,*,*,2606#BCRTC,+,+
0833,20184,msds0833_202305022021.pdf,G07-87-0787-020,33052," DISINFECTANT, BACTERIA K",LDOC,,PART,PART,*,*,20184#BCRTC,+,+
0834,5620,msds0834_202305022021.pdf,M18-62-0000-009,33053," PAINT, SPRAY YELLOW",LDOC,,PART,PART,*,*,5620#BCRTC,+,+
0835,31968,msds0835_202305022021.pdf,M40-57-0000-093,33054," LUBRICANT, MOLYKOTE 1000",LDOC,,PART,PART,*,*,31968#BCRTC,+,+
0838,20997,msds0838_202305022021.pdf,E04-90-0590-051,33057," EAM DEODORIZER, M-CHEM D",LDOC,,PART,PART,*,*,20997#BCRTC,+,+
0839,35171,msds0839_202305022021.pdf,M52-02-0000-137,33058," CLEANER, ODOR ELIMINATOR",LDOC,,PART,PART,*,*,35171#BCRTC,+,+
0840,5361,msds0840_202305022021.pdf,M52-02-0000-017,33059," SOAP, DISH DETERGENT 4.2",LDOC,,PART,PART,*,*,5361#BCRTC,+,+
0841,32011,msds0841_202305022021.PDF,A11-03-0603-011,33060," TEROSON, MS939NA BLACK",LDOC,,PART,PART,*,*,32011#BCRTC,+,+
0842,21802,msds0842_202305022021.pdf,A11-07-0111-005,33061," EPOXY, COLD CURE (2PART",LDOC,,PART,PART,*,*,21802#BCRTC,+,+
0843,31672,msds0843_202305022021.PDF,G05-45-0745-056,33062," OIL, HYDRAULIC S2V46",LDOC,,PART,PART,*,*,31672#BCRTC,+,+
0844,31668,msds0844_202305022021.pdf,M95-70-0000-087,33063," SOLDER, 63/37 0.381 MM",LDOC,,PART,PART,*,*,31668#BCRTC,+,+
0845,9667,msds0845_202305022021.pdf,M52-02-0000-002,33064," CLEANER, PRECISION CLEAN",LDOC,,PART,PART,*,*,9667#BCRTC,+,+
